season_year,method,actual_cm,point_prediction_cm,lower_cm,upper_cm,qhat_cm,calibration_n,inside_interval,interval_width_cm
1986,Conformalized Empirical Interval,91.8,131.29666666666668,71.5,177.95000000000005,11.829999999999998,15,True,106.45000000000005
1986,Symmetric Point-Error Conformal,91.8,131.29666666666668,76.36333333333334,186.23000000000002,54.93333333333334,15,True,109.86666666666667
1987,Conformalized Empirical Interval,115.20000000000002,129.02333333333334,71.5,177.95000000000005,11.829999999999998,16,True,106.45000000000005
1987,Symmetric Point-Error Conformal,115.20000000000002,129.02333333333334,74.09,183.95666666666668,54.93333333333334,16,True,109.86666666666667
1988,Conformalized Empirical Interval,78.4,128.95333333333332,71.5,177.95000000000005,11.829999999999998,17,True,106.45000000000005
1988,Symmetric Point-Error Conformal,78.4,128.95333333333332,74.01999999999998,183.88666666666666,54.93333333333334,17,True,109.86666666666667
1989,Conformalized Empirical Interval,72.19999999999999,128.36333333333334,69.75999999999999,177.95000000000005,11.829999999999998,18,True,108.19000000000005
1989,Symmetric Point-Error Conformal,72.19999999999999,128.36333333333334,73.43,183.29666666666668,54.93333333333334,18,False,109.86666666666667
1990,Conformalized Empirical Interval,81.4,125.88666666666668,70.18,175.51000000000005,9.39,19,True,105.33000000000004
1990,Symmetric Point-Error Conformal,81.4,125.88666666666668,70.95333333333335,180.82000000000002,54.93333333333334,19,True,109.86666666666667
1991,Conformalized Empirical Interval,88.8,123.88333333333334,70.18,175.51000000000005,9.39,20,True,105.33000000000004
1991,Symmetric Point-Error Conformal,88.8,123.88333333333334,68.95,178.81666666666666,54.93333333333334,20,True,109.86666666666666
1992,Conformalized Empirical Interval,96.0,122.72666666666667,70.18,175.51000000000005,9.39,21,True,105.33000000000004
1992,Symmetric Point-Error Conformal,96.0,122.72666666666667,67.79333333333334,177.66000000000003,54.93333333333334,21,True,109.86666666666669
1996,Conformalized Empirical Interval,145.20000000000002,121.00666666666667,70.18,175.51000000000005,9.39,22,True,105.33000000000004
1996,Symmetric Point-Error Conformal,145.20000000000002,121.00666666666667,66.07333333333334,175.94,54.93333333333334,22,True,109.86666666666666
1997,Conformalized Empirical Interval,144.4,120.56666666666666,70.18,175.51000000000005,9.39,23,True,105.33000000000004
1997,Symmetric Point-Error Conformal,144.4,120.56666666666666,65.63333333333333,175.5,54.93333333333334,23,True,109.86666666666667
1998,Conformalized Empirical Interval,87.6,119.02666666666669,73.30999999999999,169.78000000000003,6.260000000000019,24,True,96.47000000000004
1998,Symmetric Point-Error Conformal,87.6,119.02666666666669,68.47333333333337,169.57999999999998,50.55333333333331,24,True,101.10666666666661
1999,Conformalized Empirical Interval,116.1,117.54666666666668,73.30999999999999,169.78000000000003,6.260000000000019,25,True,96.47000000000004
1999,Symmetric Point-Error Conformal,116.1,117.54666666666668,66.99333333333337,168.1,50.55333333333331,25,True,101.10666666666663
2000,Conformalized Empirical Interval,81.29999999999998,115.9,73.30999999999999,161.46000000000004,6.260000000000019,26,True,88.15000000000005
2000,Symmetric Point-Error Conformal,81.29999999999998,115.9,65.34666666666669,166.45333333333332,50.55333333333331,26,True,101.10666666666663
2001,Conformalized Empirical Interval,138.00000000000003,114.91666666666669,73.30999999999999,161.46000000000004,6.260000000000019,27,True,88.15000000000005
2001,Symmetric Point-Error Conformal,138.00000000000003,114.91666666666669,64.36333333333337,165.47,50.55333333333331,27,True,101.10666666666663
2002,Conformalized Empirical Interval,76.0,116.73333333333332,73.30999999999999,161.46000000000004,6.260000000000019,28,True,88.15000000000005
2002,Symmetric Point-Error Conformal,76.0,116.73333333333332,66.18,167.28666666666663,50.55333333333331,28,True,101.10666666666663
2003,Conformalized Empirical Interval,150.7,114.12333333333336,73.23000000000002,152.48000000000002,4.929999999999993,29,True,79.25
2003,Symmetric Point-Error Conformal,150.7,114.12333333333336,63.81666666666672,164.43,50.30666666666664,29,True,100.61333333333329
2004,Conformalized Empirical Interval,120.79999999999998,113.42333333333332,73.23000000000002,151.22000000000003,4.929999999999993,30,True,77.99000000000001
2004,Symmetric Point-Error Conformal,120.79999999999998,113.42333333333332,63.116666666666674,163.72999999999996,50.30666666666664,30,True,100.61333333333329
2005,Conformalized Empirical Interval,148.1,111.15333333333334,73.23000000000002,150.19,4.929999999999993,31,True,76.95999999999998
2005,Symmetric Point-Error Conformal,148.1,111.15333333333334,60.84666666666669,161.45999999999998,50.30666666666664,31,True,100.61333333333329
2006,Conformalized Empirical Interval,85.0,112.42333333333336,73.23000000000002,150.95999999999998,4.929999999999993,32,True,77.72999999999996
2006,Symmetric Point-Error Conformal,85.0,112.42333333333336,62.11666666666672,162.73000000000002,50.30666666666664,32,True,100.6133333333333
2007,Conformalized Empirical Interval,60.3,110.99666666666668,73.23000000000002,150.95999999999998,4.929999999999993,33,False,77.72999999999996
2007,Symmetric Point-Error Conformal,60.3,110.99666666666668,60.69000000000004,161.30333333333334,50.30666666666664,33,False,100.6133333333333
2008,Conformalized Empirical Interval,193.99999999999997,108.85333333333332,70.69000000000001,150.95999999999998,4.929999999999993,34,False,80.26999999999997
2008,Symmetric Point-Error Conformal,193.99999999999997,108.85333333333332,58.54666666666668,159.15999999999997,50.30666666666664,34,False,100.61333333333329
2009,Conformalized Empirical Interval,152.7,109.87666666666668,69.35999999999999,152.29000000000002,6.260000000000019,35,False,82.93000000000004
2009,Symmetric Point-Error Conformal,152.7,109.87666666666668,59.323333333333366,160.43,50.55333333333331,35,True,101.10666666666664
2010,Conformalized Empirical Interval,52.4,110.88333333333335,68.95000000000002,155.03,6.6699999999999875,36,False,86.07999999999998
2010,Symmetric Point-Error Conformal,52.4,110.88333333333335,60.33000000000004,161.43666666666667,50.55333333333331,36,False,101.10666666666663
2011,Conformalized Empirical Interval,128.79999999999998,107.86,62.739999999999995,157.75,9.39,37,True,95.01
2011,Symmetric Point-Error Conformal,128.79999999999998,107.86,57.16333333333331,158.55666666666667,50.69666666666669,37,True,101.39333333333336
2012,Conformalized Empirical Interval,42.8,107.79666666666668,62.739999999999995,157.75,9.39,38,False,95.01
2012,Symmetric Point-Error Conformal,42.8,107.79666666666668,57.099999999999994,158.49333333333337,50.69666666666669,38,False,101.39333333333337
2013,Conformalized Empirical Interval,106.7,106.56666666666668,60.99000000000001,157.75,9.39,39,True,96.75999999999999
2013,Symmetric Point-Error Conformal,106.7,106.56666666666668,55.86999999999999,157.26333333333338,50.69666666666669,39,True,101.39333333333339
2015,Conformalized Empirical Interval,99.3,107.71,60.99000000000001,157.75,9.39,40,True,96.75999999999999
2015,Symmetric Point-Error Conformal,99.3,107.71,57.01333333333331,158.4066666666667,50.69666666666669,40,True,101.39333333333339
2016,Conformalized Empirical Interval,65.9,108.63666666666668,61.61999999999999,157.75,9.39,41,True,96.13000000000001
2016,Symmetric Point-Error Conformal,65.9,108.63666666666668,57.94,159.33333333333337,50.69666666666669,41,True,101.39333333333337
2017,Conformalized Empirical Interval,85.19999999999999,106.43000000000002,55.95,157.75,9.39,42,True,101.8
2017,Symmetric Point-Error Conformal,85.19999999999999,106.43000000000002,55.733333333333334,157.12666666666672,50.69666666666669,42,True,101.39333333333339
2018,Conformalized Empirical Interval,109.70000000000002,104.41,55.95,157.75,9.39,43,True,101.8
2018,Symmetric Point-Error Conformal,109.70000000000002,104.41,53.71333333333331,155.10666666666668,50.69666666666669,43,True,101.39333333333337
2019,Conformalized Empirical Interval,138.5,105.00666666666666,58.670000000000016,155.03,6.6699999999999875,44,True,96.35999999999999
2019,Symmetric Point-Error Conformal,138.5,105.00666666666666,54.45333333333335,155.55999999999997,50.55333333333331,44,True,101.10666666666663
2020,Conformalized Empirical Interval,142.40000000000003,105.78333333333332,58.670000000000016,155.03,6.6699999999999875,45,True,96.35999999999999
2020,Symmetric Point-Error Conformal,142.40000000000003,105.78333333333332,55.230000000000004,156.33666666666664,50.55333333333331,45,True,101.10666666666664
2023,Conformalized Empirical Interval,137.1,111.24333333333333,58.670000000000016,157.56999999999996,6.6699999999999875,46,True,98.89999999999995
2023,Symmetric Point-Error Conformal,137.1,111.24333333333333,60.69000000000001,161.79666666666662,50.55333333333331,46,True,101.10666666666661
2024,Conformalized Empirical Interval,67.0,113.09999999999998,58.670000000000016,157.56999999999996,6.6699999999999875,47,True,98.89999999999995
2024,Symmetric Point-Error Conformal,67.0,113.09999999999998,62.54666666666667,163.6533333333333,50.55333333333331,47,True,101.10666666666664
2025,Conformalized Empirical Interval,135.6,112.37333333333332,58.670000000000016,157.56999999999996,6.6699999999999875,48,True,98.89999999999995
2025,Symmetric Point-Error Conformal,135.6,112.37333333333332,61.82000000000001,162.92666666666662,50.55333333333331,48,True,101.10666666666661
2026,Conformalized Empirical Interval,190.6,113.69333333333331,59.079999999999984,157.16,6.260000000000019,49,False,98.08000000000001
2026,Symmetric Point-Error Conformal,190.6,113.69333333333331,63.38666666666667,163.99999999999994,50.30666666666664,49,False,100.61333333333327
