season_year,feature_set,actual_cm,predicted_cm,error_cm,abs_error_cm
1971,Historical Climatology,171.7,130.04500000000002,-41.65499999999997,41.65499999999997
1971,Base,171.7,129.6622056354686,-42.03779436453138,42.03779436453138
1971,Base + AO,171.7,129.95432201437347,-41.745677985626514,41.745677985626514
1971,Base + NAO,171.7,129.63228008398875,-42.06771991601124,42.06771991601124
1971,Base + PNA,171.7,129.1102700916149,-42.589729908385095,42.589729908385095
1971,Base + PDO,171.7,129.82389771448769,-41.8761022855123,41.8761022855123
1971,Base + AO + NAO + PNA + PDO,171.7,130.0081514496918,-41.69184855030818,41.69184855030818
1972,Historical Climatology,188.9,132.0285714285714,-56.871428571428595,56.871428571428595
1972,Base,188.9,132.0285714285714,-56.871428571428595,56.871428571428595
1972,Base + AO,188.9,132.0285714285714,-56.871428571428595,56.871428571428595
1972,Base + NAO,188.9,133.8496567235399,-55.0503432764601,55.0503432764601
1972,Base + PNA,188.9,132.0285714285714,-56.871428571428595,56.871428571428595
1972,Base + PDO,188.9,132.0285714285714,-56.871428571428595,56.871428571428595
1972,Base + AO + NAO + PNA + PDO,188.9,131.81717848300596,-57.082821516994045,57.082821516994045
1973,Historical Climatology,110.0,134.61363636363637,24.613636363636374,24.613636363636374
1973,Base,110.0,134.61363636363637,24.613636363636374,24.613636363636374
1973,Base + AO,110.0,134.61363636363637,24.613636363636374,24.613636363636374
1973,Base + NAO,110.0,136.96809507797136,26.968095077971356,26.968095077971356
1973,Base + PNA,110.0,134.61363636363637,24.613636363636374,24.613636363636374
1973,Base + PDO,110.0,134.61363636363637,24.613636363636374,24.613636363636374
1973,Base + AO + NAO + PNA + PDO,110.0,136.96809507797136,26.968095077971356,26.968095077971356
1974,Historical Climatology,127.8,133.54347826086956,5.743478260869566,5.743478260869566
1974,Base,127.8,133.54347826086956,5.743478260869566,5.743478260869566
1974,Base + AO,127.8,133.54347826086956,5.743478260869566,5.743478260869566
1974,Base + NAO,127.8,129.3989599953398,1.598959995339797,1.598959995339797
1974,Base + PNA,127.8,133.54347826086956,5.743478260869566,5.743478260869566
1974,Base + PDO,127.8,133.54347826086956,5.743478260869566,5.743478260869566
1974,Base + AO + NAO + PNA + PDO,127.8,130.54205524948748,2.7420552494874784,2.7420552494874784
1975,Historical Climatology,124.59999999999998,133.30416666666667,8.704166666666694,8.704166666666694
1975,Base,124.59999999999998,133.25751682669923,8.65751682669925,8.65751682669925
1975,Base + AO,124.59999999999998,133.6339863619607,9.033986361960714,9.033986361960714
1975,Base + NAO,124.59999999999998,132.8269429187474,8.226942918747412,8.226942918747412
1975,Base + PNA,124.59999999999998,134.7310535714483,10.131053571448334,10.131053571448334
1975,Base + PDO,124.59999999999998,132.598404514222,7.998404514222031,7.998404514222031
1975,Base + AO + NAO + PNA + PDO,124.59999999999998,132.8267289770498,8.22672897704983,8.22672897704983
1976,Historical Climatology,163.3,132.95600000000002,-30.343999999999994,30.343999999999994
1976,Base,163.3,133.7468707013296,-29.5531292986704,29.5531292986704
1976,Base + AO,163.3,132.95600000000002,-30.343999999999994,30.343999999999994
1976,Base + NAO,163.3,143.11064758171526,-20.189352418284756,20.189352418284756
1976,Base + PNA,163.3,133.0669968148991,-30.2330031851009,30.2330031851009
1976,Base + PDO,163.3,132.95600000000002,-30.343999999999994,30.343999999999994
1976,Base + AO + NAO + PNA + PDO,163.3,137.46021383481715,-25.839786165182858,25.839786165182858
1977,Historical Climatology,122.5,134.12307692307692,11.623076923076923,11.623076923076923
1977,Base,122.5,133.86846738892575,11.368467388925751,11.368467388925751
1977,Base + AO,122.5,133.63519203628582,11.135192036285815,11.135192036285815
1977,Base + NAO,122.5,135.2007512124824,12.700751212482402,12.700751212482402
1977,Base + PNA,122.5,134.12307692307692,11.623076923076923,11.623076923076923
1977,Base + PDO,122.5,133.53775491829987,11.037754918299868,11.037754918299868
1977,Base + AO + NAO + PNA + PDO,122.5,135.2007512124824,12.700751212482402,12.700751212482402
1978,Historical Climatology,143.1,133.6925925925926,-9.40740740740739,9.40740740740739
1978,Base,143.1,133.6925925925926,-9.40740740740739,9.40740740740739
1978,Base + AO,143.1,133.6925925925926,-9.40740740740739,9.40740740740739
1978,Base + NAO,143.1,132.44835685637165,-10.651643143628348,10.651643143628348
1978,Base + PNA,143.1,133.6925925925926,-9.40740740740739,9.40740740740739
1978,Base + PDO,143.1,133.6925925925926,-9.40740740740739,9.40740740740739
1978,Base + AO + NAO + PNA + PDO,143.1,132.44835685637165,-10.651643143628348,10.651643143628348
1979,Historical Climatology,130.7,134.02857142857144,3.3285714285714505,3.3285714285714505
1979,Base,130.7,134.02857142857144,3.3285714285714505,3.3285714285714505
1979,Base + AO,130.7,134.02857142857144,3.3285714285714505,3.3285714285714505
1979,Base + NAO,130.7,132.3388232223023,1.6388232223023067,1.6388232223023067
1979,Base + PNA,130.7,134.02857142857144,3.3285714285714505,3.3285714285714505
1979,Base + PDO,130.7,134.02857142857144,3.3285714285714505,3.3285714285714505
1979,Base + AO + NAO + PNA + PDO,130.7,131.92525274418753,1.225252744187543,1.225252744187543
1980,Historical Climatology,79.7,133.91379310344828,54.21379310344828,54.21379310344828
1980,Base,79.7,133.91379310344828,54.21379310344828,54.21379310344828
1980,Base + AO,79.7,135.2043328816954,55.50433288169539,55.50433288169539
1980,Base + NAO,79.7,145.81481022985844,66.11481022985843,66.11481022985843
1980,Base + PNA,79.7,133.91379310344828,54.21379310344828,54.21379310344828
1980,Base + PDO,79.7,133.91379310344828,54.21379310344828,54.21379310344828
1980,Base + AO + NAO + PNA + PDO,79.7,142.8772299393743,63.1772299393743,63.1772299393743
1981,Historical Climatology,81.79999999999998,132.10666666666665,50.30666666666667,50.30666666666667
1981,Base,81.79999999999998,133.44744868392664,51.647448683926655,51.647448683926655
1981,Base + AO,81.79999999999998,132.10666666666665,50.30666666666667,50.30666666666667
1981,Base + NAO,81.79999999999998,132.77735196143325,50.97735196143327,50.97735196143327
1981,Base + PNA,81.79999999999998,132.10666666666665,50.30666666666667,50.30666666666667
1981,Base + PDO,81.79999999999998,132.10666666666665,50.30666666666667,50.30666666666667
1981,Base + AO + NAO + PNA + PDO,81.79999999999998,132.0381572161873,50.23815721618732,50.23815721618732
1982,Historical Climatology,129.0,130.48387096774192,1.4838709677419217,1.4838709677419217
1982,Base,129.0,130.48387096774192,1.4838709677419217,1.4838709677419217
1982,Base + AO,129.0,130.48387096774192,1.4838709677419217,1.4838709677419217
1982,Base + NAO,129.0,129.10557101491955,0.10557101491954768,0.10557101491954768
1982,Base + PNA,129.0,130.48387096774192,1.4838709677419217,1.4838709677419217
1982,Base + PDO,129.0,130.48387096774192,1.4838709677419217,1.4838709677419217
1982,Base + AO + NAO + PNA + PDO,129.0,129.42817092861642,0.42817092861642436,0.42817092861642436
1983,Historical Climatology,71.5,130.4375,58.9375,58.9375
1983,Base,71.5,130.4375,58.9375,58.9375
1983,Base + AO,71.5,130.4375,58.9375,58.9375
1983,Base + NAO,71.5,136.93470390706926,65.43470390706926,65.43470390706926
1983,Base + PNA,71.5,130.4375,58.9375,58.9375
1983,Base + PDO,71.5,130.4375,58.9375,58.9375
1983,Base + AO + NAO + PNA + PDO,71.5,133.65660531189496,62.156605311894964,62.156605311894964
1984,Historical Climatology,132.1,128.65151515151516,-3.4484848484848385,3.4484848484848385
1984,Base,132.1,128.65151515151516,-3.4484848484848385,3.4484848484848385
1984,Base + AO,132.1,128.65151515151516,-3.4484848484848385,3.4484848484848385
1984,Base + NAO,132.1,128.65151515151516,-3.4484848484848385,3.4484848484848385
1984,Base + PNA,132.1,128.65151515151516,-3.4484848484848385,3.4484848484848385
1984,Base + PDO,132.1,128.65151515151516,-3.4484848484848385,3.4484848484848385
1984,Base + AO + NAO + PNA + PDO,132.1,128.65151515151516,-3.4484848484848385,3.4484848484848385
1985,Historical Climatology,145.8,128.75294117647059,-17.047058823529426,17.047058823529426
1985,Base,145.8,128.75294117647059,-17.047058823529426,17.047058823529426
1985,Base + AO,145.8,128.75294117647059,-17.047058823529426,17.047058823529426
1985,Base + NAO,145.8,129.59647314451084,-16.203526855489173,16.203526855489173
1985,Base + PNA,145.8,128.75294117647059,-17.047058823529426,17.047058823529426
1985,Base + PDO,145.8,128.75294117647059,-17.047058823529426,17.047058823529426
1985,Base + AO + NAO + PNA + PDO,145.8,129.20955242032042,-16.59044757967959,16.59044757967959
1986,Historical Climatology,91.8,129.24,37.44000000000001,37.44000000000001
1986,Base,91.8,129.37471834296844,37.57471834296844,37.57471834296844
1986,Base + AO,91.8,129.37471834296844,37.57471834296844,37.57471834296844
1986,Base + NAO,91.8,129.78174927025893,37.98174927025893,37.98174927025893
1986,Base + PNA,91.8,129.37471834296844,37.57471834296844,37.57471834296844
1986,Base + PDO,91.8,129.42985715628188,37.629857156281886,37.629857156281886
1986,Base + AO + NAO + PNA + PDO,91.8,129.5918391372428,37.7918391372428,37.7918391372428
1987,Historical Climatology,115.20000000000002,128.20000000000002,13.0,13.0
1987,Base,115.20000000000002,128.20000000000002,13.0,13.0
1987,Base + AO,115.20000000000002,128.20000000000002,13.0,13.0
1987,Base + NAO,115.20000000000002,128.20000000000002,13.0,13.0
1987,Base + PNA,115.20000000000002,128.20000000000002,13.0,13.0
1987,Base + PDO,115.20000000000002,128.20000000000002,13.0,13.0
1987,Base + AO + NAO + PNA + PDO,115.20000000000002,128.20000000000002,13.0,13.0
1988,Historical Climatology,78.4,127.84864864864866,49.44864864864866,49.44864864864866
1988,Base,78.4,127.84864864864866,49.44864864864866,49.44864864864866
1988,Base + AO,78.4,127.84864864864866,49.44864864864866,49.44864864864866
1988,Base + NAO,78.4,127.19389676492666,48.79389676492666,48.79389676492666
1988,Base + PNA,78.4,127.84864864864866,49.44864864864866,49.44864864864866
1988,Base + PDO,78.4,127.84864864864866,49.44864864864866,49.44864864864866
1988,Base + AO + NAO + PNA + PDO,78.4,127.84864864864866,49.44864864864866,49.44864864864866
1989,Historical Climatology,72.19999999999999,126.54736842105264,54.34736842105265,54.34736842105265
1989,Base,72.19999999999999,126.54736842105264,54.34736842105265,54.34736842105265
1989,Base + AO,72.19999999999999,126.54736842105264,54.34736842105265,54.34736842105265
1989,Base + NAO,72.19999999999999,127.59962159213478,55.39962159213479,55.39962159213479
1989,Base + PNA,72.19999999999999,126.54736842105264,54.34736842105265,54.34736842105265
1989,Base + PDO,72.19999999999999,126.54736842105264,54.34736842105265,54.34736842105265
1989,Base + AO + NAO + PNA + PDO,72.19999999999999,126.63389482289806,54.43389482289807,54.43389482289807
1990,Historical Climatology,81.4,125.15384615384616,43.753846153846155,43.753846153846155
1990,Base,81.4,124.87382035184059,43.47382035184059,43.47382035184059
1990,Base + AO,81.4,124.87382035184059,43.47382035184059,43.47382035184059
1990,Base + NAO,81.4,126.7281599270548,45.3281599270548,45.3281599270548
1990,Base + PNA,81.4,125.10180841681539,43.70180841681538,43.70180841681538
1990,Base + PDO,81.4,125.29712588847994,43.897125888479934,43.897125888479934
1990,Base + AO + NAO + PNA + PDO,81.4,127.91240256325914,46.51240256325913,46.51240256325913
1991,Historical Climatology,88.8,124.05999999999999,35.25999999999999,35.25999999999999
1991,Base,88.8,123.98553670246974,35.18553670246975,35.18553670246975
1991,Base + AO,88.8,124.05999999999999,35.25999999999999,35.25999999999999
1991,Base + NAO,88.8,122.1614739150238,33.36147391502381,33.36147391502381
1991,Base + PNA,88.8,124.05999999999999,35.25999999999999,35.25999999999999
1991,Base + PDO,88.8,123.00953091442156,34.20953091442156,34.20953091442156
1991,Base + AO + NAO + PNA + PDO,88.8,122.87864951438085,34.07864951438086,34.07864951438086
1992,Historical Climatology,96.0,123.19999999999999,27.19999999999999,27.19999999999999
1992,Base,96.0,123.19999999999999,27.19999999999999,27.19999999999999
1992,Base + AO,96.0,123.19999999999999,27.19999999999999,27.19999999999999
1992,Base + NAO,96.0,122.49588623470838,26.49588623470838,26.49588623470838
1992,Base + PNA,96.0,123.19999999999999,27.19999999999999,27.19999999999999
1992,Base + PDO,96.0,123.19999999999999,27.19999999999999,27.19999999999999
1992,Base + AO + NAO + PNA + PDO,96.0,121.8384306856242,25.838430685624203,25.838430685624203
1996,Historical Climatology,145.20000000000002,122.55238095238094,-22.647619047619074,22.647619047619074
1996,Base,145.20000000000002,122.55238095238094,-22.647619047619074,22.647619047619074
1996,Base + AO,145.20000000000002,122.55238095238094,-22.647619047619074,22.647619047619074
1996,Base + NAO,145.20000000000002,120.1295511752542,-25.07044882474581,25.07044882474581
1996,Base + PNA,145.20000000000002,122.55238095238094,-22.647619047619074,22.647619047619074
1996,Base + PDO,145.20000000000002,122.55238095238094,-22.647619047619074,22.647619047619074
1996,Base + AO + NAO + PNA + PDO,145.20000000000002,116.03613678462287,-29.163863215377148,29.163863215377148
1997,Historical Climatology,144.4,123.07906976744185,-21.320930232558155,21.320930232558155
1997,Base,144.4,119.2396714214545,-25.160328578545503,25.160328578545503
1997,Base + AO,144.4,119.2396714214545,-25.160328578545503,25.160328578545503
1997,Base + NAO,144.4,123.07906976744185,-21.320930232558155,21.320930232558155
1997,Base + PNA,144.4,120.96315554339046,-23.43684445660955,23.43684445660955
1997,Base + PDO,144.4,119.30816403767984,-25.09183596232016,25.09183596232016
1997,Base + AO + NAO + PNA + PDO,144.4,123.07906976744185,-21.320930232558155,21.320930232558155
1998,Historical Climatology,87.6,123.56363636363635,35.963636363636354,35.963636363636354
1998,Base,87.6,122.44751954189123,34.84751954189123,34.84751954189123
1998,Base + AO,87.6,123.56363636363635,35.963636363636354,35.963636363636354
1998,Base + NAO,87.6,120.63551887732628,33.03551887732628,33.03551887732628
1998,Base + PNA,87.6,123.56363636363635,35.963636363636354,35.963636363636354
1998,Base + PDO,87.6,119.20907950138486,31.60907950138487,31.60907950138487
1998,Base + AO + NAO + PNA + PDO,87.6,116.56782087511779,28.967820875117795,28.967820875117795
1999,Historical Climatology,116.1,122.76444444444444,6.664444444444442,6.664444444444442
1999,Base,116.1,122.76444444444444,6.664444444444442,6.664444444444442
1999,Base + AO,116.1,122.76444444444444,6.664444444444442,6.664444444444442
1999,Base + NAO,116.1,122.76444444444444,6.664444444444442,6.664444444444442
1999,Base + PNA,116.1,122.76444444444444,6.664444444444442,6.664444444444442
1999,Base + PDO,116.1,122.81223783220483,6.712237832204835,6.712237832204835
1999,Base + AO + NAO + PNA + PDO,116.1,123.05475444769985,6.954754447699855,6.954754447699855
2000,Historical Climatology,81.29999999999998,122.6195652173913,41.319565217391315,41.319565217391315
2000,Base,81.29999999999998,122.6195652173913,41.319565217391315,41.319565217391315
2000,Base + AO,81.29999999999998,122.6195652173913,41.319565217391315,41.319565217391315
2000,Base + NAO,81.29999999999998,122.32174196598557,41.02174196598558,41.02174196598558
2000,Base + PNA,81.29999999999998,122.6195652173913,41.319565217391315,41.319565217391315
2000,Base + PDO,81.29999999999998,122.7079468344748,41.407946834474814,41.407946834474814
2000,Base + AO + NAO + PNA + PDO,81.29999999999998,123.56727052343716,42.267270523437176,42.267270523437176
2001,Historical Climatology,138.00000000000003,121.7404255319149,-16.259574468085134,16.259574468085134
2001,Base,138.00000000000003,121.7404255319149,-16.259574468085134,16.259574468085134
2001,Base + AO,138.00000000000003,121.7404255319149,-16.259574468085134,16.259574468085134
2001,Base + NAO,138.00000000000003,118.62240579481525,-19.377594205184778,19.377594205184778
2001,Base + PNA,138.00000000000003,121.7404255319149,-16.259574468085134,16.259574468085134
2001,Base + PDO,138.00000000000003,120.95126212443708,-17.04873787556295,17.04873787556295
2001,Base + AO + NAO + PNA + PDO,138.00000000000003,119.0028888708451,-18.99711112915493,18.99711112915493
2002,Historical Climatology,76.0,122.07916666666667,46.079166666666666,46.079166666666666
2002,Base,76.0,120.24064789461058,44.240647894610575,44.240647894610575
2002,Base + AO,76.0,121.55564283662433,45.55564283662433,45.55564283662433
2002,Base + NAO,76.0,122.07916666666667,46.079166666666666,46.079166666666666
2002,Base + PNA,76.0,119.79593838988617,43.795938389886174,43.795938389886174
2002,Base + PDO,76.0,121.11493917564766,45.11493917564766,45.11493917564766
2002,Base + AO + NAO + PNA + PDO,76.0,122.07916666666667,46.079166666666666,46.079166666666666
2003,Historical Climatology,150.7,121.13877551020408,-29.561224489795904,29.561224489795904
2003,Base,150.7,121.13877551020408,-29.561224489795904,29.561224489795904
2003,Base + AO,150.7,121.13877551020408,-29.561224489795904,29.561224489795904
2003,Base + NAO,150.7,119.43336173256041,-31.266638267439575,31.266638267439575
2003,Base + PNA,150.7,121.13877551020408,-29.561224489795904,29.561224489795904
2003,Base + PDO,150.7,119.87838631337854,-30.821613686621447,30.821613686621447
2003,Base + AO + NAO + PNA + PDO,150.7,119.43336173256041,-31.266638267439575,31.266638267439575
2004,Historical Climatology,120.79999999999998,121.73,0.930000000000021,0.930000000000021
2004,Base,120.79999999999998,121.61809413679487,0.8180941367948833,0.8180941367948833
2004,Base + AO,120.79999999999998,121.71599583742619,0.9159958374262089,0.9159958374262089
2004,Base + NAO,120.79999999999998,121.61809413679487,0.8180941367948833,0.8180941367948833
2004,Base + PNA,120.79999999999998,121.69916350090212,0.8991635009021337,0.8991635009021337
2004,Base + PDO,120.79999999999998,121.66841132468828,0.8684113246882958,0.8684113246882958
2004,Base + AO + NAO + PNA + PDO,120.79999999999998,121.73,0.930000000000021,0.930000000000021
2005,Historical Climatology,148.1,121.71176470588236,-26.388235294117635,26.388235294117635
2005,Base,148.1,121.42128065393548,-26.67871934606451,26.67871934606451
2005,Base + AO,148.1,121.71176470588236,-26.388235294117635,26.388235294117635
2005,Base + NAO,148.1,120.33538785869578,-27.764612141304212,27.764612141304212
2005,Base + PNA,148.1,121.59741119135145,-26.50258880864854,26.50258880864854
2005,Base + PDO,148.1,120.66514146379022,-27.434858536209774,27.434858536209774
2005,Base + AO + NAO + PNA + PDO,148.1,120.33538785869578,-27.764612141304212,27.764612141304212
2006,Historical Climatology,85.0,122.21923076923078,37.219230769230776,37.219230769230776
2006,Base,85.0,122.21923076923078,37.219230769230776,37.219230769230776
2006,Base + AO,85.0,122.21923076923078,37.219230769230776,37.219230769230776
2006,Base + NAO,85.0,122.11961359874061,37.119613598740614,37.119613598740614
2006,Base + PNA,85.0,122.21923076923078,37.219230769230776,37.219230769230776
2006,Base + PDO,85.0,122.21923076923078,37.219230769230776,37.219230769230776
2006,Base + AO + NAO + PNA + PDO,85.0,122.21923076923078,37.219230769230776,37.219230769230776
2007,Historical Climatology,60.3,121.51698113207549,61.21698113207549,61.21698113207549
2007,Base,60.3,121.51698113207549,61.21698113207549,61.21698113207549
2007,Base + AO,60.3,121.51698113207549,61.21698113207549,61.21698113207549
2007,Base + NAO,60.3,121.51698113207549,61.21698113207549,61.21698113207549
2007,Base + PNA,60.3,121.51698113207549,61.21698113207549,61.21698113207549
2007,Base + PDO,60.3,121.51698113207549,61.21698113207549,61.21698113207549
2007,Base + AO + NAO + PNA + PDO,60.3,121.51698113207549,61.21698113207549,61.21698113207549
2008,Historical Climatology,193.99999999999997,120.38333333333334,-73.61666666666663,73.61666666666663
2008,Base,193.99999999999997,120.08646452345701,-73.91353547654296,73.91353547654296
2008,Base + AO,193.99999999999997,120.38333333333334,-73.61666666666663,73.61666666666663
2008,Base + NAO,193.99999999999997,119.52781338770524,-74.47218661229473,74.47218661229473
2008,Base + PNA,193.99999999999997,120.38333333333334,-73.61666666666663,73.61666666666663
2008,Base + PDO,193.99999999999997,120.0438061890402,-73.95619381095977,73.95619381095977
2008,Base + AO + NAO + PNA + PDO,193.99999999999997,120.07702919481066,-73.92297080518931,73.92297080518931
2009,Historical Climatology,152.7,121.7218181818182,-30.978181818181795,30.978181818181795
2009,Base,152.7,121.7218181818182,-30.978181818181795,30.978181818181795
2009,Base + AO,152.7,121.7218181818182,-30.978181818181795,30.978181818181795
2009,Base + NAO,152.7,121.90282441360954,-30.797175586390452,30.797175586390452
2009,Base + PNA,152.7,121.7218181818182,-30.978181818181795,30.978181818181795
2009,Base + PDO,152.7,121.7218181818182,-30.978181818181795,30.978181818181795
2009,Base + AO + NAO + PNA + PDO,152.7,121.7218181818182,-30.978181818181795,30.978181818181795
2010,Historical Climatology,52.4,122.27499999999999,69.875,69.875
2010,Base,52.4,122.27499999999999,69.875,69.875
2010,Base + AO,52.4,122.27499999999999,69.875,69.875
2010,Base + NAO,52.4,122.27499999999999,69.875,69.875
2010,Base + PNA,52.4,122.27499999999999,69.875,69.875
2010,Base + PDO,52.4,122.27499999999999,69.875,69.875
2010,Base + AO + NAO + PNA + PDO,52.4,122.27499999999999,69.875,69.875
2011,Historical Climatology,128.79999999999998,121.04912280701753,-7.750877192982458,7.750877192982458
2011,Base,128.79999999999998,121.04912280701753,-7.750877192982458,7.750877192982458
2011,Base + AO,128.79999999999998,121.04912280701753,-7.750877192982458,7.750877192982458
2011,Base + NAO,128.79999999999998,120.4172698655213,-8.382730134478678,8.382730134478678
2011,Base + PNA,128.79999999999998,121.04912280701753,-7.750877192982458,7.750877192982458
2011,Base + PDO,128.79999999999998,121.36875232626254,-7.431247673737445,7.431247673737445
2011,Base + AO + NAO + PNA + PDO,128.79999999999998,120.99522147125047,-7.804778528749509,7.804778528749509
2012,Historical Climatology,42.8,121.18275862068964,78.38275862068964,78.38275862068964
2012,Base,42.8,121.18275862068964,78.38275862068964,78.38275862068964
2012,Base + AO,42.8,121.18275862068964,78.38275862068964,78.38275862068964
2012,Base + NAO,42.8,119.27254893462084,76.47254893462085,76.47254893462085
2012,Base + PNA,42.8,121.18275862068964,78.38275862068964,78.38275862068964
2012,Base + PDO,42.8,121.10699045953797,78.30699045953797,78.30699045953797
2012,Base + AO + NAO + PNA + PDO,42.8,121.18275862068964,78.38275862068964,78.38275862068964
2013,Historical Climatology,106.7,119.8542372881356,13.15423728813559,13.15423728813559
2013,Base,106.7,116.96824782502642,10.268247825026421,10.268247825026421
2013,Base + AO,106.7,119.8542372881356,13.15423728813559,13.15423728813559
2013,Base + NAO,106.7,115.2226682963269,8.522668296326898,8.522668296326898
2013,Base + PNA,106.7,116.96824782502642,10.268247825026421,10.268247825026421
2013,Base + PDO,106.7,118.84310609716594,12.14310609716594,12.14310609716594
2013,Base + AO + NAO + PNA + PDO,106.7,119.8542372881356,13.15423728813559,13.15423728813559
2015,Historical Climatology,99.3,119.63499999999999,20.334999999999994,20.334999999999994
2015,Base,99.3,115.95677738513172,16.65677738513172,16.65677738513172
2015,Base + AO,99.3,118.50796461222119,19.20796461222119,19.20796461222119
2015,Base + NAO,99.3,109.79426964463892,10.49426964463892,10.49426964463892
2015,Base + PNA,99.3,117.11681222745442,17.81681222745442,17.81681222745442
2015,Base + PDO,99.3,117.11681222745442,17.81681222745442,17.81681222745442
2015,Base + AO + NAO + PNA + PDO,99.3,119.27406300681096,19.974063006810965,19.974063006810965
2016,Historical Climatology,65.9,119.30163934426228,53.40163934426228,53.40163934426228
2016,Base,65.9,113.1670943252713,47.26709432527129,47.26709432527129
2016,Base + AO,65.9,116.5564050675901,50.6564050675901,50.6564050675901
2016,Base + NAO,65.9,108.61398241256843,42.71398241256843,42.71398241256843
2016,Base + PNA,65.9,114.97599515905435,49.075995159054344,49.075995159054344
2016,Base + PDO,65.9,114.97599515905435,49.075995159054344,49.075995159054344
2016,Base + AO + NAO + PNA + PDO,65.9,119.30163934426228,53.40163934426228,53.40163934426228
2017,Historical Climatology,85.19999999999999,118.44032258064514,33.240322580645156,33.240322580645156
2017,Base,85.19999999999999,116.54766758339677,31.347667583396785,31.347667583396785
2017,Base + AO,85.19999999999999,118.0274142627652,32.82741426276522,32.82741426276522
2017,Base + NAO,85.19999999999999,114.21360841631835,29.013608416318363,29.013608416318363
2017,Base + PNA,85.19999999999999,116.54766758339677,31.347667583396785,31.347667583396785
2017,Base + PDO,85.19999999999999,116.41144977851133,31.211449778511337,31.211449778511337
2017,Base + AO + NAO + PNA + PDO,85.19999999999999,115.47543246958826,30.275432469588267,30.275432469588267
2018,Historical Climatology,109.70000000000002,117.9126984126984,8.212698412698387,8.212698412698387
2018,Base,109.70000000000002,111.44039835085518,1.740398350855159,1.740398350855159
2018,Base + AO,109.70000000000002,113.41981968744932,3.719819687449302,3.719819687449302
2018,Base + NAO,109.70000000000002,112.21494150641635,2.514941506416335,2.514941506416335
2018,Base + PNA,109.70000000000002,111.44039835085518,1.740398350855159,1.740398350855159
2018,Base + PDO,109.70000000000002,111.44039835085518,1.740398350855159,1.740398350855159
2018,Base + AO + NAO + PNA + PDO,109.70000000000002,112.21494150641635,2.514941506416335,2.514941506416335
2019,Historical Climatology,138.5,117.784375,-20.715625000000003,20.715625000000003
2019,Base,138.5,110.83256381814378,-27.667436181856218,27.667436181856218
2019,Base + AO,138.5,111.97558841730971,-26.52441158269029,26.52441158269029
2019,Base + NAO,138.5,116.759151322907,-21.740848677093,21.740848677093
2019,Base + PNA,138.5,108.93597983468318,-29.56402016531682,29.56402016531682
2019,Base + PDO,138.5,111.97558841730971,-26.52441158269029,26.52441158269029
2019,Base + AO + NAO + PNA + PDO,138.5,116.97162643545384,-21.528373564546158,21.528373564546158
2020,Historical Climatology,142.40000000000003,118.10307692307693,-24.296923076923107,24.296923076923107
2020,Base,142.40000000000003,103.44580506419032,-38.95419493580971,38.95419493580971
2020,Base + AO,142.40000000000003,103.44580506419032,-38.95419493580971,38.95419493580971
2020,Base + NAO,142.40000000000003,103.85092302775966,-38.54907697224037,38.54907697224037
2020,Base + PNA,142.40000000000003,107.35355171187238,-35.04644828812765,35.04644828812765
2020,Base + PDO,142.40000000000003,107.35355171187238,-35.04644828812765,35.04644828812765
2020,Base + AO + NAO + PNA + PDO,142.40000000000003,106.0882333783697,-36.31176662163034,36.31176662163034
2023,Historical Climatology,137.1,118.47121212121212,-18.628787878787875,18.628787878787875
2023,Base,137.1,119.28835339654921,-17.811646603450782,17.811646603450782
2023,Base + AO,137.1,118.93081640618347,-18.169183593816527,18.169183593816527
2023,Base + NAO,137.1,118.83425514092524,-18.265744859074758,18.265744859074758
2023,Base + PNA,137.1,119.28835339654921,-17.811646603450782,17.811646603450782
2023,Base + PDO,137.1,120.17779242307938,-16.922207576920613,16.922207576920613
2023,Base + AO + NAO + PNA + PDO,137.1,118.48786473223895,-18.612135267761047,18.612135267761047
2024,Historical Climatology,67.0,118.74925373134329,51.74925373134329,51.74925373134329
2024,Base,67.0,116.92110342979625,49.92110342979625,49.92110342979625
2024,Base + AO,67.0,117.97756719539017,50.977567195390165,50.977567195390165
2024,Base + NAO,67.0,110.43447873610158,43.43447873610158,43.43447873610158
2024,Base + PNA,67.0,116.92110342979625,49.92110342979625,49.92110342979625
2024,Base + PDO,67.0,118.18253459223574,51.18253459223574,51.18253459223574
2024,Base + AO + NAO + PNA + PDO,67.0,114.38286927603014,47.382869276030135,47.382869276030135
2025,Historical Climatology,135.6,117.98823529411764,-17.61176470588235,17.61176470588235
2025,Base,135.6,114.48972467612349,-21.110275323876508,21.110275323876508
2025,Base + AO,135.6,115.22737904737524,-20.372620952624757,20.372620952624757
2025,Base + NAO,135.6,112.30511797155704,-23.294882028442956,23.294882028442956
2025,Base + PNA,135.6,114.48972467612349,-21.110275323876508,21.110275323876508
2025,Base + PDO,135.6,114.48972467612349,-21.110275323876508,21.110275323876508
2025,Base + AO + NAO + PNA + PDO,135.6,114.6256289563121,-20.974371043687896,20.974371043687896
2026,Historical Climatology,190.6,118.24347826086957,-72.35652173913043,72.35652173913043
2026,Base,190.6,117.6481688985425,-72.9518311014575,72.9518311014575
2026,Base + AO,190.6,117.78247982602078,-72.81752017397922,72.81752017397922
2026,Base + NAO,190.6,116.40785565231576,-74.19214434768423,74.19214434768423
2026,Base + PNA,190.6,117.6481688985425,-72.9518311014575,72.9518311014575
2026,Base + PDO,190.6,117.67049920213142,-72.92950079786857,72.92950079786857
2026,Base + AO + NAO + PNA + PDO,190.6,116.75424882397029,-73.84575117602971,73.84575117602971
