year,annual_precip_mm,valid_days,expected_days,coverage_pct
1954,941.8,365,365,100.0
1955,910.9000000000001,365,365,100.0
1956,957.0999999999999,366,366,100.0
1957,937.6999999999998,365,365,100.0
1958,740.4000000000001,365,365,100.0
1959,889.4000000000001,365,365,100.0
1960,912.5,366,366,100.0
1961,880.4000000000001,365,365,100.0
1962,868.5999999999999,365,365,100.0
1963,686.2,365,365,100.0
1964,845.9000000000001,366,366,100.0
1965,941.6000000000001,365,365,100.0
1966,821.3000000000002,365,365,100.0
1967,971.2,365,365,100.0
1968,1043.0,366,366,100.0
1969,748.3,365,365,100.0
1970,852.8000000000001,365,365,100.0
1971,753.9,365,365,100.0
1972,1022.8000000000001,366,366,100.0
1973,998.3,365,365,100.0
1974,901.6999999999999,365,365,100.0
1975,955.7,365,365,100.0
1976,866.7,366,366,100.0
1977,1245.7,365,365,100.0
1978,808.5,365,365,100.0
1979,991.2,365,365,100.0
1980,861.6999999999999,366,366,100.0
1981,934.5,365,365,100.0
1982,1044.0,365,365,100.0
1983,925.0,365,365,100.0
1984,825.1,366,366,100.0
1985,989.2,365,365,100.0
1986,1133.3000000000002,365,365,100.0
1987,838.7,365,365,100.0
1988,724.6999999999999,366,366,100.0
1989,817.9000000000001,365,365,100.0
1990,950.0,365,365,100.0
1991,922.1999999999999,365,365,100.0
1992,979.1999999999999,366,366,100.0
1993,901.0999999999999,365,365,100.0
1994,814.8999999999999,365,365,100.0
1995,996.6,365,365,100.0
1996,1164.5,366,366,100.0
1997,796.8000000000001,365,365,100.0
1998,750.3,365,365,100.0
1999,829.3000000000001,365,365,100.0
2000,868.1999999999999,366,366,100.0
2001,886.8000000000001,365,365,100.0
2002,770.5999999999999,365,365,100.0
2003,846.3000000000001,365,365,100.0
2004,646.8,366,366,100.0
2005,737.5,365,365,100.0
2006,963.6999999999999,365,365,100.0
2007,634.0,365,365,100.0
2008,1028.6,366,366,100.0
2009,903.8,365,365,100.0
2010,793.8,365,365,100.0
2011,930.2,365,365,100.0
2012,846.6,366,366,100.0
2013,1151.4,365,365,100.0
2014,896.1,365,365,100.0
2015,787.3,365,365,100.0
2016,685.7,366,366,100.0
2017,934.8,365,365,100.0
2018,971.1999999999999,365,365,100.0
2019,938.8,365,365,100.0
2020,841.1999999999999,366,366,100.0
2021,762.4,365,365,100.0
2022,736.6,365,365,100.0
2023,826.3,365,365,100.0
