season_year,model,actual_cm,predicted_cm,train_n,error_cm,abs_error_cm,squared_error,winter_type
1971,Historical Climatology,171.7,130.04500000000002,20,-41.65499999999997,41.65499999999997,1735.1390249999977,High-snow
1971,Rolling 10-Season Mean,171.7,135.5,20,-36.19999999999999,36.19999999999999,1310.4399999999991,High-snow
1971,ElasticNet + NAO,171.7,129.6322761553776,20,-42.06772384462238,42.06772384462238,1769.6933894674103,High-snow
1972,Historical Climatology,188.9,132.0285714285714,21,-56.871428571428595,56.871428571428595,3234.3593877551048,High-snow
1972,Rolling 10-Season Mean,188.9,140.32,21,-48.58000000000001,48.58000000000001,2360.0164000000013,High-snow
1972,ElasticNet + NAO,188.9,133.8496302595096,21,-55.050369740490396,55.050369740490396,3030.5432085647008,High-snow
1973,Historical Climatology,110.0,134.61363636363637,22,24.613636363636374,24.613636363636374,605.8310950413228,Middle
1973,Rolling 10-Season Mean,110.0,145.72000000000003,22,35.72000000000003,35.72000000000003,1275.9184000000018,Middle
1973,ElasticNet + NAO,110.0,136.96809391227194,22,26.96809391227194,26.96809391227194,727.2780892611188,Middle
1974,Historical Climatology,127.8,133.54347826086956,23,5.743478260869566,5.743478260869566,32.98754253308129,Middle
1974,Rolling 10-Season Mean,127.8,146.57000000000002,23,18.770000000000024,18.770000000000024,352.3129000000009,Middle
1974,ElasticNet + NAO,127.8,129.398952226163,23,1.5989522261630071,1.5989522261630071,2.556648221551636,Middle
1975,Historical Climatology,124.59999999999998,133.30416666666667,24,8.704166666666694,8.704166666666694,75.76251736111159,Middle
1975,Rolling 10-Season Mean,124.59999999999998,143.51000000000002,24,18.91000000000004,18.91000000000004,357.5881000000015,Middle
1975,ElasticNet + NAO,124.59999999999998,132.826373466699,24,8.22637346669903,8.22637346669903,67.67322041360983,Middle
1976,Historical Climatology,163.3,132.95600000000002,25,-30.343999999999994,30.343999999999994,920.7583359999996,High-snow
1976,Rolling 10-Season Mean,163.3,136.91,25,-26.390000000000015,26.390000000000015,696.4321000000008,High-snow
1976,ElasticNet + NAO,163.3,143.11065454180064,25,-20.18934545819937,20.18934545819937,407.60967003051553,High-snow
1977,Historical Climatology,122.5,134.12307692307692,26,11.623076923076923,11.623076923076923,135.0959171597633,Middle
1977,Rolling 10-Season Mean,122.5,140.04000000000002,26,17.54000000000002,17.54000000000002,307.6516000000007,Middle
1977,ElasticNet + NAO,122.5,135.20075739624917,26,12.700757396249173,12.700757396249173,161.3092384383781,Middle
1978,Historical Climatology,143.1,133.6925925925926,27,-9.40740740740739,9.40740740740739,88.49931412894344,Middle
1978,Rolling 10-Season Mean,143.1,135.73999999999998,27,-7.360000000000014,7.360000000000014,54.1696000000002,Middle
1978,ElasticNet + NAO,143.1,132.44837066948233,27,-10.651629330517665,10.651629330517665,113.45720739474419,Middle
1979,Historical Climatology,130.7,134.02857142857144,28,3.3285714285714505,3.3285714285714505,11.079387755102188,Middle
1979,Rolling 10-Season Mean,130.7,138.97,28,8.27000000000001,8.27000000000001,68.39290000000017,Middle
1979,ElasticNet + NAO,130.7,132.33891989031022,28,1.638919890310234,1.638919890310234,2.6860584068545093,Middle
1980,Historical Climatology,79.7,133.91379310344828,29,54.21379310344828,54.21379310344828,2939.1353626634964,Low-snow
1980,Rolling 10-Season Mean,79.7,143.69,29,63.989999999999995,63.989999999999995,4094.7200999999995,Low-snow
1980,ElasticNet + NAO,79.7,145.81501129292587,29,66.11501129292587,66.11501129292587,4371.194718263716,Low-snow
1981,Historical Climatology,81.79999999999998,132.10666666666665,30,50.30666666666667,50.30666666666667,2530.7607111111115,Middle
1981,Rolling 10-Season Mean,81.79999999999998,136.23000000000002,30,54.430000000000035,54.430000000000035,2962.624900000004,Middle
1981,ElasticNet + NAO,81.79999999999998,132.77733747544062,30,50.977337475440635,50.977337475440635,2598.688936084964,Middle
1982,Historical Climatology,129.0,130.48387096774192,31,1.4838709677419217,1.4838709677419217,2.2018730489073475,Middle
1982,Rolling 10-Season Mean,129.0,127.23999999999998,31,-1.7600000000000193,1.7600000000000193,3.097600000000068,Middle
1982,ElasticNet + NAO,129.0,129.1055743607032,31,0.10557436070320136,0.10557436070320136,0.011145945637889669,Middle
1983,Historical Climatology,71.5,130.4375,32,58.9375,58.9375,3473.62890625,Low-snow
1983,Rolling 10-Season Mean,71.5,121.25,32,49.75,49.75,2475.0625,Low-snow
1983,ElasticNet + NAO,71.5,136.9346983123828,32,65.4346983123828,65.4346983123828,4281.699743232553,Low-snow
1984,Historical Climatology,132.1,128.65151515151516,33,-3.4484848484848385,3.4484848484848385,11.8920477502295,Middle
1984,Rolling 10-Season Mean,132.1,117.4,33,-14.699999999999989,14.699999999999989,216.08999999999966,Middle
1984,ElasticNet + NAO,132.1,128.65151515151516,33,-3.4484848484848385,3.4484848484848385,11.8920477502295,Middle
1985,Historical Climatology,145.8,128.75294117647059,34,-17.047058823529426,17.047058823529426,290.60221453287244,High-snow
1985,Rolling 10-Season Mean,145.8,117.82999999999997,34,-27.97000000000004,27.97000000000004,782.3209000000023,High-snow
1985,ElasticNet + NAO,145.8,129.5964729205703,34,-16.203527079429705,16.203527079429705,262.55428981381175,High-snow
1986,Historical Climatology,91.8,129.24,35,37.44000000000001,37.44000000000001,1401.753600000001,Middle
1986,Rolling 10-Season Mean,91.8,119.94999999999997,35,28.149999999999977,28.149999999999977,792.4224999999988,Middle
1986,ElasticNet + NAO,91.8,129.7817488071034,35,37.981748807103415,37.981748807103415,1442.6132424459017,Middle
1987,Historical Climatology,115.20000000000002,128.20000000000002,36,13.0,13.0,169.0,Middle
1987,Rolling 10-Season Mean,115.20000000000002,112.8,36,-2.40000000000002,2.40000000000002,5.760000000000096,Middle
1987,ElasticNet + NAO,115.20000000000002,128.20000000000002,36,13.0,13.0,169.0,Middle
1988,Historical Climatology,78.4,127.84864864864866,37,49.44864864864866,49.44864864864866,2445.1688531775026,Low-snow
1988,Rolling 10-Season Mean,78.4,112.06999999999998,37,33.66999999999997,33.66999999999997,1133.6688999999983,Low-snow
1988,ElasticNet + NAO,78.4,127.19389676492666,37,48.79389676492666,48.79389676492666,2380.84436150632,Low-snow
1989,Historical Climatology,72.19999999999999,126.54736842105264,38,54.34736842105265,54.34736842105265,2953.636454293631,Low-snow
1989,Rolling 10-Season Mean,72.19999999999999,105.6,38,33.400000000000006,33.400000000000006,1115.5600000000004,Low-snow
1989,ElasticNet + NAO,72.19999999999999,127.59962285382647,38,55.399622853826486,55.399622853826486,3069.118212346214,Low-snow
1990,Historical Climatology,81.4,125.15384615384616,39,43.753846153846155,43.753846153846155,1914.399053254438,Middle
1990,Rolling 10-Season Mean,81.4,99.75,39,18.349999999999994,18.349999999999994,336.7224999999998,Middle
1990,ElasticNet + NAO,81.4,126.72815006926211,39,45.32815006926211,45.32815006926211,2054.6411887015465,Middle
1991,Historical Climatology,88.8,124.05999999999999,40,35.25999999999999,35.25999999999999,1243.2675999999994,Middle
1991,Rolling 10-Season Mean,88.8,99.91999999999999,40,11.11999999999999,11.11999999999999,123.65439999999978,Middle
1991,ElasticNet + NAO,88.8,122.1614739150238,40,33.36147391502381,33.36147391502381,1112.987941782814,Middle
1992,Historical Climatology,96.0,123.19999999999999,41,27.19999999999999,27.19999999999999,739.8399999999993,Middle
1992,Rolling 10-Season Mean,96.0,100.61999999999999,41,4.61999999999999,4.61999999999999,21.34439999999991,Middle
1992,ElasticNet + NAO,96.0,122.49588623470838,41,26.49588623470838,26.49588623470838,702.031987362609,Middle
1996,Historical Climatology,145.20000000000002,122.55238095238094,42,-22.647619047619074,22.647619047619074,512.9146485260783,High-snow
1996,Rolling 10-Season Mean,145.20000000000002,97.32000000000001,42,-47.88000000000001,47.88000000000001,2292.494400000001,High-snow
1996,ElasticNet + NAO,145.20000000000002,120.1295511752542,42,-25.07044882474581,25.07044882474581,628.5274042741986,High-snow
1997,Historical Climatology,144.4,123.07906976744185,43,-21.320930232558155,21.320930232558155,454.58206598161235,Middle
1997,Rolling 10-Season Mean,144.4,104.68999999999998,43,-39.71000000000002,39.71000000000002,1576.8841000000018,Middle
1997,ElasticNet + NAO,144.4,123.07906976744185,43,-21.320930232558155,21.320930232558155,454.58206598161235,Middle
1998,Historical Climatology,87.6,123.56363636363635,44,35.963636363636354,35.963636363636354,1293.383140495867,Middle
1998,Rolling 10-Season Mean,87.6,105.92,44,18.320000000000007,18.320000000000007,335.62240000000025,Middle
1998,ElasticNet + NAO,87.6,120.63551887732628,44,33.03551887732628,33.03551887732628,1091.3455074941812,Middle
1999,Historical Climatology,116.1,122.76444444444444,45,6.664444444444442,6.664444444444442,44.414819753086384,Middle
1999,Rolling 10-Season Mean,116.1,100.1,45,-16.0,16.0,256.0,Middle
1999,ElasticNet + NAO,116.1,122.76444444444444,45,6.664444444444442,6.664444444444442,44.414819753086384,Middle
2000,Historical Climatology,81.29999999999998,122.6195652173913,46,41.319565217391315,41.319565217391315,1707.306469754254,Middle
2000,Rolling 10-Season Mean,81.29999999999998,102.53000000000002,46,21.230000000000032,21.230000000000032,450.71290000000135,Middle
2000,ElasticNet + NAO,81.29999999999998,122.32174196598557,46,41.02174196598558,41.02174196598558,1682.7833139239028,Middle
2001,Historical Climatology,138.00000000000003,121.7404255319149,47,-16.259574468085134,16.259574468085134,264.373761883206,Middle
2001,Rolling 10-Season Mean,138.00000000000003,99.14,47,-38.86000000000003,38.86000000000003,1510.099600000002,Middle
2001,ElasticNet + NAO,138.00000000000003,118.62240579481525,47,-19.377594205184778,19.377594205184778,375.49115718081066,Middle
2002,Historical Climatology,76.0,122.07916666666667,48,46.079166666666666,46.079166666666666,2123.2896006944443,Low-snow
2002,Rolling 10-Season Mean,76.0,105.1,48,29.099999999999994,29.099999999999994,846.8099999999997,Low-snow
2002,ElasticNet + NAO,76.0,122.07916666666667,48,46.079166666666666,46.079166666666666,2123.2896006944443,Low-snow
2003,Historical Climatology,150.7,121.13877551020408,49,-29.561224489795904,29.561224489795904,873.8659933361091,High-snow
2003,Rolling 10-Season Mean,150.7,105.47999999999999,49,-45.22,45.22,2044.8483999999999,High-snow
2003,ElasticNet + NAO,150.7,119.43336173256041,49,-31.266638267439575,31.266638267439575,977.6026685469168,High-snow
2004,Historical Climatology,120.79999999999998,121.73,50,0.930000000000021,0.930000000000021,0.8649000000000391,Middle
2004,Rolling 10-Season Mean,120.79999999999998,112.41000000000001,50,-8.389999999999972,8.389999999999972,70.39209999999953,Middle
2004,ElasticNet + NAO,120.79999999999998,121.61809413679487,50,0.8180941367948833,0.8180941367948833,0.6692780166581652,Middle
2005,Historical Climatology,148.1,121.71176470588236,51,-26.388235294117635,26.388235294117635,696.3389619377157,High-snow
2005,Rolling 10-Season Mean,148.1,115.60999999999999,51,-32.49000000000001,32.49000000000001,1055.6001000000006,High-snow
2005,ElasticNet + NAO,148.1,120.33538785869578,51,-27.764612141304212,27.764612141304212,770.8736873570573,High-snow
2006,Historical Climatology,85.0,122.21923076923078,52,37.219230769230776,37.219230769230776,1385.271139053255,Middle
2006,Rolling 10-Season Mean,85.0,120.81999999999998,52,35.81999999999998,35.81999999999998,1283.0723999999984,Middle
2006,ElasticNet + NAO,85.0,122.11961359874061,52,37.119613598740614,37.119613598740614,1377.865713719809,Middle
2007,Historical Climatology,60.3,121.51698113207549,53,61.21698113207549,61.21698113207549,3747.518778924886,Low-snow
2007,Rolling 10-Season Mean,60.3,114.8,53,54.5,54.5,2970.25,Low-snow
2007,ElasticNet + NAO,60.3,121.51698113207549,53,61.21698113207549,61.21698113207549,3747.518778924886,Low-snow
2008,Historical Climatology,193.99999999999997,120.38333333333334,54,-73.61666666666663,73.61666666666663,5419.413611111106,High-snow
2008,Rolling 10-Season Mean,193.99999999999997,106.38999999999999,54,-87.60999999999999,87.60999999999999,7675.512099999997,High-snow
2008,ElasticNet + NAO,193.99999999999997,119.52781353307093,54,-74.47218646692905,74.47218646692905,5546.10655716505,High-snow
2009,Historical Climatology,152.7,121.7218181818182,55,-30.978181818181795,30.978181818181795,959.6477487603291,High-snow
2009,Rolling 10-Season Mean,152.7,117.03,55,-35.66999999999999,35.66999999999999,1272.348899999999,High-snow
2009,ElasticNet + NAO,152.7,121.90282441360954,55,-30.797175586390452,30.797175586390452,948.4660240989641,High-snow
2010,Historical Climatology,52.4,122.27499999999999,56,69.875,69.875,4882.515625,Low-snow
2010,Rolling 10-Season Mean,52.4,120.69000000000001,56,68.29000000000002,68.29000000000002,4663.524100000002,Low-snow
2010,ElasticNet + NAO,52.4,122.27499999999999,56,69.875,69.875,4882.515625,Low-snow
2011,Historical Climatology,128.79999999999998,121.04912280701753,57,-7.750877192982458,7.750877192982458,60.07609726069562,Middle
2011,Rolling 10-Season Mean,128.79999999999998,117.8,57,-10.999999999999986,10.999999999999986,120.99999999999969,Middle
2011,ElasticNet + NAO,128.79999999999998,120.41727240120271,57,-8.382727598797274,8.382727598797274,70.27012199563751,Middle
2012,Historical Climatology,42.8,121.18275862068964,58,78.38275862068964,78.38275862068964,6143.856848989297,Low-snow
2012,Rolling 10-Season Mean,42.8,116.88,58,74.08,74.08,5487.846399999999,Low-snow
2012,ElasticNet + NAO,42.8,119.27254894540745,58,76.47254894540745,76.47254894540745,5848.050742207739,Low-snow
2013,Historical Climatology,106.7,119.8542372881356,59,13.15423728813559,13.15423728813559,173.03395863257677,Middle
2013,Rolling 10-Season Mean,106.7,113.55999999999999,59,6.859999999999985,6.859999999999985,47.0595999999998,Middle
2013,ElasticNet + NAO,106.7,115.22266841493943,59,8.522668414939432,8.522668414939432,72.6358769110062,Middle
2015,Historical Climatology,99.3,119.63499999999999,60,20.334999999999994,20.334999999999994,413.5122249999998,Middle
2015,Rolling 10-Season Mean,99.3,109.16,60,9.86,9.86,97.21959999999999,Middle
2015,ElasticNet + NAO,99.3,109.79425924060034,60,10.494259240600343,10.494259240600343,110.12947700892568,Middle
2016,Historical Climatology,65.9,119.30163934426228,61,53.40163934426228,53.40163934426228,2851.735084654661,Low-snow
2016,Rolling 10-Season Mean,65.9,107.00999999999999,61,41.109999999999985,41.109999999999985,1690.0320999999988,Low-snow
2016,ElasticNet + NAO,65.9,108.61399291870077,61,42.71399291870077,42.71399291870077,1824.4851910588193,Low-snow
2017,Historical Climatology,85.19999999999999,118.44032258064514,62,33.240322580645156,33.240322580645156,1104.9190452653481,Middle
2017,Rolling 10-Season Mean,85.19999999999999,98.78999999999999,62,13.590000000000003,13.590000000000003,184.6881000000001,Middle
2017,ElasticNet + NAO,85.19999999999999,114.21360999964482,62,29.013609999644828,29.013609999644828,841.7895652114904,Middle
2018,Historical Climatology,109.70000000000002,117.9126984126984,63,8.212698412698387,8.212698412698387,67.4484152179386,Middle
2018,Rolling 10-Season Mean,109.70000000000002,98.80999999999999,63,-10.890000000000029,10.890000000000029,118.59210000000063,Middle
2018,ElasticNet + NAO,109.70000000000002,112.21495320952918,63,2.5149532095291676,2.5149532095291676,6.324989646121061,Middle
2019,Historical Climatology,138.5,117.784375,64,-20.715625000000003,20.715625000000003,429.13711914062515,Middle
2019,Rolling 10-Season Mean,138.5,103.75,64,-34.75,34.75,1207.5625,Middle
2019,ElasticNet + NAO,138.5,116.7591515168465,64,-21.7408484831535,21.7408484831535,472.6644927674378,Middle
2020,Historical Climatology,142.40000000000003,118.10307692307693,65,-24.296923076923107,24.296923076923107,590.3404710059186,Middle
2020,Rolling 10-Season Mean,142.40000000000003,98.2,65,-44.20000000000003,44.20000000000003,1953.6400000000028,Middle
2020,ElasticNet + NAO,142.40000000000003,103.85093726173145,65,-38.54906273826859,38.54906273826859,1486.0302379989678,Middle
2023,Historical Climatology,137.1,118.47121212121212,66,-18.628787878787875,18.628787878787875,347.03173783287406,Middle
2023,Rolling 10-Season Mean,137.1,97.17,66,-39.92999999999999,39.92999999999999,1594.4048999999993,Middle
2023,ElasticNet + NAO,137.1,118.83422936236951,66,-18.26577063763048,18.26577063763048,333.63837698652384,Middle
2024,Historical Climatology,67.0,118.74925373134329,67,51.74925373134329,51.74925373134329,2677.9852617509473,Low-snow
2024,Rolling 10-Season Mean,67.0,105.63999999999999,67,38.639999999999986,38.639999999999986,1493.049599999999,Low-snow
2024,ElasticNet + NAO,67.0,110.43446648597276,67,43.43446648597276,43.43446648597276,1886.5528789210912,Low-snow
2025,Historical Climatology,135.6,117.98823529411764,68,-17.61176470588235,17.61176470588235,310.17425605536323,Middle
2025,Rolling 10-Season Mean,135.6,99.46000000000001,68,-36.139999999999986,36.139999999999986,1306.099599999999,Middle
2025,ElasticNet + NAO,135.6,112.30511352187806,68,-23.29488647812194,23.29488647812194,542.6517360285883,Middle
2026,Historical Climatology,190.6,118.24347826086957,69,-72.35652173913043,72.35652173913043,5235.466238185254,High-snow
2026,Rolling 10-Season Mean,190.6,108.74000000000001,69,-81.85999999999999,81.85999999999999,6701.059599999998,High-snow
2026,ElasticNet + NAO,190.6,116.40785531399446,69,-74.19214468600553,74.19214468600553,5504.4743331091795,High-snow
