break_year,aic,bic,before_slope,slope_change,slope_change_p,after_slope
1970,149.47975620913024,156.22524193527832,-0.016225520852975312,0.04419117731916323,0.1020338815993838,0.027965656466187917
1971,149.45812411139738,156.20360983754546,-0.01348960006580045,0.04177452167275197,0.10072580127048936,0.028284921606951518
1972,149.36699598154615,156.11248170769423,-0.011481911222214525,0.040174984658131,0.09541287453387463,0.028693073435916473
1973,149.3895661108022,156.13505183695028,-0.009108632593859859,0.0380872311800979,0.09669966410002041,0.028978598586238042
1974,149.26150529360814,156.0069910197562,-0.0077285896617394975,0.03718730569515078,0.08964054850050018,0.029458716033411284
1975,149.1656962161163,155.91118194226436,-0.006329802066310113,0.03624631853024966,0.08472528606320588,0.02991651646393955
1976,148.99596170813666,155.74144743428474,-0.005356432068721441,0.03584491127205747,0.07671751817717139,0.030488479203336027
1977,149.02993618027386,155.77542190642194,-0.003682949228780404,0.03449526914032422,0.07825258392834374,0.030812319911543817
1978,149.14074649629134,155.88623222243942,-0.001884079723266173,0.03291856448908254,0.08349370562841425,0.03103448476581637
1979,149.29639505789885,156.04188078404692,-8.301165464278705e-05,0.03126800950756549,0.09150654307250267,0.031184997852922704
1980,149.46024546377242,156.2057311899205,0.0016006866164375048,0.029709169415600797,0.10085326404116009,0.0313098560320383
1981,149.68344695118793,156.428932677336,0.0033599279288122497,0.027953499209162003,0.11530661310336777,0.031313427137974255
1982,149.909723518937,156.65520924508508,0.00501345926703893,0.026262526382298007,0.1323294493733539,0.03127598564933694
1983,150.1841303837752,156.92961610992327,0.006735173472890576,0.024357295764972524,0.15685805799405175,0.031092469237863102
1984,150.36682811204076,157.11231383818884,0.008052810379260648,0.0230043661564694,0.17604681042341344,0.03105717653573005
1985,150.52947585406628,157.27496158021435,0.009227507861561535,0.02180721672668857,0.19543562936504524,0.031034724588250108
1986,150.6722102784645,157.41769600461257,0.010269541835227441,0.02076280780539139,0.21453547542043488,0.03103234964061883
1987,150.7928148873081,157.5383006134562,0.011179492695142486,0.019886341274581425,0.23242286783578903,0.031065833969723913
1988,150.80104851839724,157.5465342445453,0.011657770623495045,0.019783734447760826,0.2337081374519103,0.03144150507125587
1989,150.76973162730025,157.51521735344832,0.011981871375118447,0.01998795744935057,0.228864775369075,0.03196982882446902
1990,150.78552430026554,157.5310100264136,0.01243513826395068,0.01993406234022215,0.2312919249549113,0.03236920060417283
1991,150.74387866894423,157.4893643950923,0.01269582215129273,0.020303972314218696,0.22495726729592896,0.03299979446551143
1992,150.61062484523114,157.35611057137922,0.012701728067791787,0.02130595049380156,0.2060360783939089,0.03400767856159335
1993,150.53923652912016,157.28472225526824,0.012886272143353729,0.021964589918276878,0.19667619061187883,0.03485086206163061
1994,150.52750298078098,157.27298870692906,0.013213461341875978,0.022314304887922812,0.19518599569512574,0.03552776622979879
1995,150.58486201364087,157.33034773978895,0.013687017531168449,0.02228849616159781,0.2025990424145947,0.03597551369276626
1996,150.66439481266823,157.4098805388163,0.014188758242124634,0.02216224327636148,0.21343413837037534,0.036351001518486116
1997,150.83935784288101,157.5848435690291,0.014887315541248428,0.021389437027379478,0.23980257022851023,0.036276752568627904
1998,151.07519008425166,157.82067581039973,0.015715101920616092,0.020063305558384835,0.2819426621494703,0.03577840747900093
1999,151.16716374753022,157.9126494736783,0.016178711685164982,0.019819429947229218,0.3008725919034884,0.035998141632394204
2000,151.1970299098751,157.9425156360232,0.01647460255712052,0.020150785500384467,0.30736876551539083,0.03662538805750499
