year,extreme_hot_days,extreme_cold_days
1954,6,20
1955,22,17
1956,4,8
1957,9,15
1958,3,27
1959,24,29
1960,6,24
1961,14,23
1962,10,31
1963,17,40
1964,15,16
1965,10,24
1966,23,23
1967,5,21
1968,12,30
1969,24,14
1970,21,33
1971,15,23
1972,13,30
1973,19,24
1974,10,18
1975,20,16
1976,13,37
1977,4,32
1978,17,18
1979,15,26
1980,16,27
1981,14,23
1982,8,30
1983,33,18
1984,19,26
1985,10,20
1986,10,17
1987,39,17
1988,41,18
1989,18,27
1990,14,8
1991,25,12
1992,1,16
1993,17,22
1994,11,38
1995,20,22
1996,8,30
1997,15,15
1998,22,4
1999,25,18
2000,5,24
2001,23,8
2002,39,8
2003,14,31
2004,6,31
2005,33,19
2006,17,7
2007,24,24
2008,8,16
2009,12,21
2010,29,12
2011,21,14
2012,33,5
2013,12,15
2014,7,39
2015,16,41
2016,39,9
2017,7,14
2018,31,15
2019,13,22
2020,34,6
2021,25,8
2022,14,25
2023,13,2
