season_year,snowfall_cm,valid_days,missing_days,measurable_snow_days,expected_days,coverage_pct,usable_90pct,full_calendar_window,usable,winter_coverage_pct,usable_strict,snowfall_clean_cm,snow_lag1_cm,snow_roll5_mean_cm,snow_roll10_mean_cm,snow_roll10_std_cm,previous_season_usable,oni_jas,oni_phase_threshold,sep_oct_mean_temp_c,sep_oct_total_precip_mm,sep_oct_temp_coverage_pct,sep_oct_precip_coverage_pct,autumn_features_usable,year_index,ao_jas,ao_jas_valid_months,nao_jas,nao_jas_valid_months,pna_jas,pna_jas_valid_months,pdo_jas,pdo_jas_valid_months
1951,111.8,365,0,40,365,100.0,True,True,True,100.0,True,111.8,196.4,136.22,141.04,35.38807708819454,True,-0.57,cool_threshold,12.640983606557375,100.0,100.0,100.0,True,12.0,-0.4318333333333333,3,-0.3533333333333333,3,-0.2533333333333333,3,-2.137,3
1952,184.8,366,0,43,366,100.0,True,True,True,100.0,True,184.8,111.8,140.68,135.82,35.47483615184149,True,0.9,warm_threshold,12.634426229508197,102.3,100.0,100.0,True,13.0,-0.3684,3,-0.0699999999999999,3,-0.0066666666666666,3,-0.171,3
1953,53.89999999999999,365,0,23,365,100.0,True,True,True,100.0,True,53.89999999999999,184.8,148.28,144.61,35.649230940746335,True,-0.2,neutral_threshold,11.89672131147541,77.4,100.0,100.0,True,14.0,-0.0102333333333333,3,-0.3033333333333333,3,0.0333333333333333,3,-0.947,3
1954,124.7,365,0,38,365,100.0,True,True,True,100.0,True,124.7,53.89999999999999,134.68,131.76,42.92992222473996,True,0.68,warm_threshold,13.195081967213117,92.5,100.0,100.0,True,15.0,0.3599333333333334,3,-0.2199999999999999,3,-0.1666666666666667,3,-0.2803333333333334,3
1955,109.29999999999998,365,0,44,365,100.0,True,True,True,100.0,True,109.29999999999998,124.7,134.32,131.86,42.910221522512686,True,-0.83,cool_threshold,13.19344262295082,294.6,100.0,100.0,True,16.0,0.1733333333333333,3,-0.98,3,0.0733333333333333,3,-0.1706666666666666,3
1956,160.0,366,0,66,366,100.0,True,True,True,100.0,True,160.0,109.29999999999998,116.9,126.56,41.99608976506688,True,-0.92,cool_threshold,13.373770491803278,107.9,100.0,100.0,True,17.0,0.4829333333333332,3,1.05,3,-0.5633333333333334,3,-2.1839999999999997,3
1957,117.3,365,0,49,365,100.0,True,True,True,100.0,True,117.3,160.0,126.54,133.61,40.98889958133652,True,-0.52,cool_threshold,11.755737704918031,62.99999999999999,100.0,100.0,True,18.0,-0.3562666666666667,3,-0.6266666666666667,3,-0.19,3,-0.823,3
1958,96.1,365,0,49,365,100.0,True,True,True,100.0,True,96.1,117.3,113.04,130.66,40.995696251083615,True,1.03,warm_threshold,12.334426229508196,141.5,100.0,100.0,True,19.0,-0.5017333333333333,3,-1.1333333333333333,3,-0.2833333333333332,3,0.9993333333333334,3
1959,146.5,365,0,56,365,100.0,True,True,True,100.0,True,146.5,96.1,121.48,128.07999999999998,42.396168589993025,True,0.32,neutral_threshold,13.072131147540984,110.0,100.0,100.0,True,20.0,-0.4835333333333333,3,-1.12,3,1.1266666666666667,3,1.026333333333333,3
1960,141.5,366,0,57,366,100.0,True,True,True,100.0,True,141.5,146.5,125.84,130.07999999999998,42.783324892870226,True,-0.23,neutral_threshold,14.12950819672131,148.79999999999998,100.0,100.0,True,21.0,-0.3071,3,0.5599999999999999,3,0.8366666666666666,3,-0.105,3
1961,123.5,365,0,42,365,100.0,True,True,True,100.0,True,123.5,141.5,132.28,124.59,36.369078746771805,True,0.15,neutral_threshold,13.677049180327868,64.1,100.0,100.0,True,22.0,-0.6695333333333333,3,-0.2199999999999999,3,1.1866666666666663,3,-0.2583333333333333,3
1962,134.9,365,0,52,365,100.0,True,True,True,100.0,True,134.9,123.5,124.98,125.76000000000002,36.09909817279219,True,-0.2,neutral_threshold,15.588524590163932,57.2,100.0,100.0,True,23.0,0.2398666666666666,3,0.5833333333333334,3,0.5866666666666668,3,-0.7040000000000001,3
1963,101.5,365,0,50,365,100.0,True,True,True,100.0,True,101.5,134.9,128.5,120.76999999999998,29.9576015209644,True,-0.1,neutral_threshold,12.373770491803278,230.3,100.0,100.0,True,24.0,-0.2768,3,-0.9,3,-0.0966666666666666,3,-1.098,3
1964,158.39999999999998,366,0,41,366,100.0,True,True,True,100.0,True,158.39999999999998,101.5,129.57999999999998,125.53,20.4131792939975,True,1.09,warm_threshold,13.8,57.10000000000001,100.0,100.0,True,25.0,-0.2817,3,0.1266666666666666,3,-0.2033333333333332,3,-0.23,3
1965,190.59999999999997,365,0,47,365,100.0,True,True,True,100.0,True,190.59999999999997,158.39999999999998,131.95999999999998,128.9,22.892162656924977,True,-0.7,cool_threshold,10.849180327868853,60.400000000000006,100.0,100.0,True,26.0,-0.2332,3,0.1099999999999999,3,0.89,3,-1.1383333333333334,3
1966,132.0,365,0,40,365,100.0,True,True,True,100.0,True,132.0,190.59999999999997,141.78,137.03,28.825569282226567,True,1.27,warm_threshold,11.173770491803278,171.40000000000003,100.0,100.0,True,27.0,-0.4875333333333334,3,0.38,3,-0.0233333333333333,3,0.479,3
1967,165.50000000000003,365,0,50,365,100.0,True,True,True,100.0,True,165.50000000000003,132.0,143.48,134.23,27.68373168487224,True,0.13,neutral_threshold,11.13934426229508,79.99999999999999,100.0,100.0,True,28.0,-0.3077666666666667,3,-0.63,3,0.43,3,0.144,3
1968,110.80000000000004,366,0,43,366,100.0,True,True,True,100.0,True,110.80000000000004,165.50000000000003,149.6,139.05,28.58975146602167,True,-0.26,neutral_threshold,11.401639344262296,143.4,100.0,100.0,True,29.0,0.0330666666666666,3,0.9266666666666666,3,-0.34,3,-0.6566666666666666,3
1969,83.5,365,0,38,365,100.0,True,True,True,100.0,True,83.5,110.80000000000004,151.46,140.52,26.432547277089185,True,0.38,neutral_threshold,13.28688524590164,129.3,100.0,100.0,True,30.0,-0.8385333333333334,3,-1.1266666666666667,3,0.25,3,0.4556666666666666,3
1970,154.3,365,0,64,365,100.0,True,True,True,100.0,True,154.3,83.5,136.48000000000002,134.22,31.809739947939757,True,0.41,neutral_threshold,11.895081967213114,64.2,100.0,100.0,True,31.0,-0.1519,3,0.3966666666666666,3,0.65,3,-0.2883333333333333,3
1971,171.7,365,0,60,365,100.0,True,True,True,100.0,True,171.7,154.3,129.22,135.5,32.3875147411948,True,-0.72,cool_threshold,12.714754098360656,125.8,100.0,100.0,True,32.0,-0.0314,3,0.0366666666666666,3,0.0833333333333333,3,-1.0,3
1972,188.9,366,0,53,366,100.0,True,True,True,100.0,True,188.9,171.7,137.16000000000005,140.32,33.95205115715068,True,-0.6,cool_threshold,14.7,70.1,100.0,100.0,True,33.0,0.1308,3,0.7266666666666667,3,-0.6533333333333333,3,-0.6963333333333334,3
1973,110.0,365,0,45,365,100.0,True,True,True,100.0,True,110.0,188.9,141.84,145.72,37.138952297793445,True,1.26,warm_threshold,10.770491803278688,182.9,100.0,100.0,True,34.0,-0.5181666666666667,3,0.4599999999999999,3,-0.1866666666666666,3,-0.1333333333333333,3
1974,127.8,365,0,52,365,100.0,True,True,True,100.0,True,127.8,110.0,141.68,146.57,36.09709283461911,True,-1.11,cool_threshold,13.114754098360656,178.10000000000002,100.0,100.0,True,35.0,0.2324,3,0.0699999999999999,3,-0.3433333333333333,3,-0.5503333333333333,3
1975,124.59999999999998,365,0,48,365,100.0,True,True,True,100.0,True,124.59999999999998,127.8,150.54,143.51,36.27936205490817,True,-0.4,neutral_threshold,10.4,70.8,100.0,100.0,True,36.0,-0.0930666666666666,3,-0.1933333333333333,3,0.5833333333333334,3,0.4306666666666667,3
1976,163.3,366,0,46,366,100.0,True,True,True,100.0,True,163.3,124.59999999999998,144.6,136.91000000000005,32.575125138328744,True,-1.12,cool_threshold,11.231147540983606,120.4,100.0,100.0,True,37.0,0.5845333333333333,3,0.95,3,-0.8300000000000001,3,-0.7046666666666667,3
1977,122.5,365,0,60,365,100.0,True,True,True,100.0,True,122.5,163.3,142.92,140.04000000000002,33.540363742809944,True,0.4,neutral_threshold,10.173770491803278,134.60000000000002,100.0,100.0,True,38.0,-0.1697333333333333,3,0.1033333333333332,3,-0.0899999999999999,3,0.8173333333333334,3
1978,143.1,365,0,49,365,100.0,True,True,True,100.0,True,143.1,122.5,129.64,135.74,32.6584071190797,True,0.35,neutral_threshold,11.51311475409836,223.6,100.0,100.0,True,39.0,-0.4391333333333333,3,-0.12,3,0.2433333333333334,3,0.254,3
1979,130.7,365,0,43,365,100.0,True,True,True,100.0,True,130.7,143.1,136.26,138.96999999999997,31.494234040182302,True,-0.37,neutral_threshold,11.357377049180329,190.5,100.0,100.0,True,40.0,-0.3522333333333333,3,-0.0133333333333332,3,-0.1299999999999999,3,-0.4059999999999999,3
1980,79.7,366,0,42,366,100.0,True,True,True,100.0,True,79.7,130.7,136.84,143.69,25.15655205132673,True,0.22,neutral_threshold,11.670491803278688,128.70000000000002,100.0,100.0,True,41.0,-0.2305,3,0.9333333333333332,3,0.99,3,0.8540000000000001,3
1981,81.79999999999998,365,0,50,365,100.0,True,True,True,100.0,True,81.79999999999998,79.7,127.86,136.23,31.835167486427476,True,-0.06,neutral_threshold,10.957377049180328,141.79999999999998,100.0,100.0,True,42.0,-0.1649333333333333,3,-0.6666666666666666,3,-0.82,3,0.2693333333333333,3
1982,129.0,365,0,47,365,100.0,True,True,True,100.0,True,129.0,81.79999999999998,111.56,127.23999999999998,33.362660432152474,True,-0.23,neutral_threshold,10.337704918032788,238.2,100.0,100.0,True,43.0,-0.2412333333333333,3,-0.3366666666666666,3,-0.6633333333333334,3,0.919,3
1983,71.5,365,0,27,365,100.0,True,True,True,100.0,True,71.5,129.0,112.86,121.25,25.516759198613,True,0.99,warm_threshold,12.204918032786884,172.4,100.0,100.0,True,44.0,0.3082333333333333,3,1.0566666666666666,3,0.7866666666666667,3,0.8610000000000001,3
1984,132.1,366,0,51,366,100.0,True,True,True,100.0,True,132.1,71.5,98.54,117.4,29.92624266425709,True,-0.06,neutral_threshold,12.737704918032788,126.7,100.0,100.0,True,45.0,0.4650666666666667,3,0.5599999999999999,3,0.09,3,1.6126666666666667,3
1985,145.8,364,1,56,365,99.72602739726028,True,True,True,99.52830188679243,True,145.8,132.1,98.82,117.83,30.122529405376618,True,-0.22,neutral_threshold,12.07377049180328,100.8,100.0,100.0,True,46.0,0.0239333333333333,3,0.4166666666666666,3,-1.14,3,0.4686666666666667,3
1986,91.8,365,0,60,365,100.0,True,True,True,100.0,True,91.8,145.8,112.04,119.95,31.372041693201947,True,-0.33,neutral_threshold,13.168852459016392,109.9,100.0,100.0,True,47.0,-0.0922,3,0.0733333333333333,3,-0.32,3,0.8653333333333334,3
1987,115.20000000000002,365,0,31,365,100.0,True,True,True,100.0,True,115.20000000000002,91.8,114.04,112.8,28.401525780610243,True,0.46,neutral_threshold,11.6672131147541,267.09999999999997,100.0,100.0,True,48.0,-0.286,3,-0.6966666666666668,3,-0.5566666666666666,3,1.0286666666666666,3
1988,78.4,366,0,36,366,100.0,True,True,True,100.0,True,78.4,115.20000000000002,111.28,112.07,28.217726894828235,True,1.46,warm_threshold,11.19672131147541,156.09999999999997,100.0,100.0,True,49.0,-0.3384999999999999,3,-0.5099999999999999,3,-0.7699999999999999,3,1.9496666666666669,3
1989,72.19999999999999,365,0,43,365,100.0,True,True,True,100.0,True,72.19999999999999,78.4,112.66,105.6,27.725559807994298,True,-1.14,cool_threshold,11.270491803278688,138.0,100.0,100.0,True,50.0,0.3834999999999999,3,-0.4333333333333333,3,0.1533333333333333,3,-0.09,3
1990,81.4,365,0,42,365,100.0,True,True,True,100.0,True,81.4,72.19999999999999,100.68,99.75,28.011277490801263,True,-0.36,neutral_threshold,12.7,120.3,100.0,100.0,True,51.0,0.7065333333333333,3,1.01,3,0.04,3,0.06,3
1991,88.8,365,0,46,365,100.0,True,True,True,100.0,True,88.8,81.4,87.80000000000001,99.92,27.88092936439216,True,0.32,neutral_threshold,12.321311475409836,130.59999999999997,100.0,100.0,True,52.0,-0.2288,3,0.8533333333333334,3,0.4866666666666666,3,0.0646666666666666,3
1992,96.0,366,0,39,366,100.0,True,True,True,100.0,True,96.0,88.8,87.2,100.62,27.460144856783952,True,0.67,warm_threshold,12.59344262295082,98.4,100.0,100.0,True,53.0,0.1655666666666667,3,0.4066666666666667,3,0.6433333333333333,3,-0.2706666666666666,3
1996,145.20000000000002,366,0,57,366,100.0,True,True,True,100.0,True,145.20000000000002,88.8,91.2,89.075,13.069457306472954,True,-0.55,cool_threshold,12.472131147540985,159.29999999999998,100.0,100.0,True,57.0,-0.0741666666666666,3,0.26,3,0.2933333333333333,3,1.0763333333333334,3
1997,144.4,365,0,64,365,100.0,True,True,True,100.0,True,144.4,145.20000000000002,110.0,95.75,23.850187181056526,True,-0.27,neutral_threshold,12.79344262295082,242.0,100.0,100.0,True,58.0,-0.1002333333333332,3,0.2766666666666666,3,-0.18,3,0.3756666666666666,3
1998,87.6,365,0,43,365,100.0,True,True,True,100.0,True,87.6,144.4,126.13333333333334,99.4,28.94270201622516,True,1.79,warm_threshold,12.434426229508198,83.20000000000002,100.0,100.0,True,59.0,-0.0385,3,0.5933333333333334,3,0.1166666666666666,3,1.7173333333333334,3
1999,116.1,365,0,31,365,100.0,True,True,True,100.0,True,116.1,87.6,116.5,100.55,28.161320991743334,True,-0.83,cool_threshold,14.424590163934424,62.4,100.0,100.0,True,60.0,-0.2037666666666666,3,-0.8333333333333334,3,0.7400000000000001,3,-0.4846666666666666,3
2000,81.29999999999998,366,0,38,366,100.0,True,True,True,100.0,True,81.29999999999998,116.1,116.42,106.0375,26.045561042143117,True,-0.94,cool_threshold,13.60655737704918,141.79999999999998,100.0,100.0,True,61.0,-0.205,3,-0.05,3,0.6233333333333333,3,-1.3150000000000002,3
2001,138.00000000000003,365,0,48,365,100.0,True,True,True,100.0,True,138.00000000000003,81.29999999999998,114.92,106.025,26.059094930013053,True,-0.4,neutral_threshold,13.478688524590163,87.60000000000001,100.0,100.0,True,62.0,-0.0368666666666666,3,-0.51,3,-1.3866666666666667,3,-0.9903333333333334,3
2002,76.0,365,0,30,365,100.0,True,True,True,100.0,True,76.0,138.00000000000003,113.48000000000002,112.175,27.194156410102995,True,-0.13,neutral_threshold,13.6,159.2,100.0,100.0,True,63.0,-0.0723666666666666,3,-0.3233333333333333,3,0.0166666666666666,3,-1.219666666666667,3
2003,150.7,365,0,60,365,100.0,True,True,True,100.0,True,150.7,76.0,99.8,109.675,29.697655030081375,True,0.63,warm_threshold,14.452459016393442,102.2,100.0,100.0,True,64.0,0.0187999999999999,3,0.1,3,0.7633333333333333,3,0.059,3
2004,120.79999999999998,366,0,47,366,100.0,True,True,True,100.0,True,120.79999999999998,150.7,112.42,114.23333333333332,30.96308285684748,True,0.14,neutral_threshold,12.968852459016391,163.6,100.0,100.0,True,65.0,0.0871666666666666,3,0.0233333333333333,3,0.57,3,0.385,3
2005,148.1,365,0,53,365,100.0,True,True,True,100.0,True,148.1,120.79999999999998,113.36,114.89,29.266038337978067,True,0.54,warm_threshold,14.498360655737704,60.400000000000006,100.0,100.0,True,66.0,-0.0218999999999999,3,0.3433333333333332,3,0.52,3,0.182,3
2006,85.0,365,0,40,365,100.0,True,True,True,100.0,True,85.0,148.1,126.72,120.82,29.399690096628213,True,-0.14,neutral_threshold,14.998360655737704,127.0,100.0,100.0,True,67.0,0.2661,3,0.1633333333333333,3,0.9266666666666666,3,-0.364,3
2007,60.3,365,0,38,365,100.0,True,True,True,100.0,True,60.3,85.0,116.12,114.8,30.00992428440227,True,0.33,neutral_threshold,12.177049180327868,198.2,100.0,100.0,True,68.0,0.148,3,-0.8153,3,0.2835666666666667,3,-0.422,3
2008,193.99999999999997,366,0,56,366,100.0,True,True,True,100.0,True,193.99999999999997,60.3,112.98,106.39,32.47592099455297,True,-0.77,cool_threshold,16.24098360655738,69.80000000000001,100.0,100.0,True,69.0,-0.0837666666666666,3,0.0009666666666666,3,2.022933333333333,3,0.1106666666666666,3
2009,152.7,365,0,46,365,100.0,True,True,True,100.0,True,152.7,193.99999999999997,121.64,117.03,41.743290878096026,True,-0.2,neutral_threshold,12.90327868852459,123.0,100.0,100.0,True,70.0,-0.2956666666666667,3,-0.4724666666666666,3,0.6464666666666666,3,-1.422,3
2010,52.4,365,0,29,365,100.0,True,True,True,100.0,True,52.4,152.7,128.01999999999998,120.69,43.23071053468049,True,0.56,warm_threshold,12.71967213114754,111.2,100.0,100.0,True,71.0,-0.1783666666666666,3,-0.2792666666666666,3,1.0520666666666667,3,0.0076666666666666,3
2011,128.79999999999998,365,0,42,365,100.0,True,True,True,100.0,True,128.79999999999998,52.4,108.88,117.79999999999998,46.961544551544165,True,-1.24,cool_threshold,13.275409836065574,145.4,100.0,100.0,True,72.0,-0.1819666666666667,3,-0.8141666666666666,3,1.2777666666666667,3,-1.743,3
2012,42.8,366,0,32,366,100.0,True,True,True,100.0,True,42.8,128.79999999999998,117.64,116.87999999999997,46.61065209679961,True,-0.5,cool_threshold,14.037704918032786,204.2,100.0,100.0,True,73.0,-0.2898333333333333,3,-0.7745666666666665,3,0.2157,3,-2.214,3
2013,106.7,365,0,43,365,100.0,True,True,True,100.0,True,106.7,42.8,114.14,113.56,50.83680206744367,True,0.39,neutral_threshold,13.232786885245902,247.4,100.0,100.0,True,74.0,0.318,3,-0.9636,3,-0.2517,3,-2.0593333333333335,3
2015,99.3,364,1,42,365,99.72602739726028,True,True,True,99.52830188679243,True,99.3,138.4,93.82,110.92,49.91327590041664,True,0.07,neutral_threshold,13.695081967213117,158.39999999999995,100.0,100.0,True,76.0,-0.2528333333333333,3,0.0367333333333333,3,1.1154,3,0.2456666666666666,3
2016,65.9,364,2,32,366,99.4535519125683,True,True,True,100.0,True,65.9,99.3,103.2,106.04,48.23155260476971,True,1.73,warm_threshold,14.737704918032788,129.6,100.0,100.0,True,77.0,-0.6538,3,-1.5293,3,-0.026,3,1.087,3
2017,85.19999999999999,364,1,34,365,99.72602739726028,True,True,True,99.52830188679243,True,85.19999999999999,65.9,90.62,104.13,49.51834789022932,True,-0.34,neutral_threshold,15.59672131147541,107.0,100.0,100.0,True,78.0,0.4460666666666666,3,-0.9315333333333332,3,0.1084666666666667,3,-0.0383333333333333,3
2018,109.70000000000002,364,1,44,365,99.72602739726028,True,True,True,99.52830188679243,True,109.70000000000002,85.19999999999999,99.1,106.62,47.660694264538144,True,-0.07,neutral_threshold,15.975409836065571,87.60000000000001,100.0,100.0,True,79.0,0.0972666666666666,3,-0.1515999999999999,3,0.5883666666666667,3,-0.3123333333333333,3
2019,138.5,364,1,51,365,99.72602739726028,True,True,True,100.0,True,138.5,109.70000000000002,99.7,98.19,36.67795129381019,True,0.3,neutral_threshold,13.896666666666668,119.79999999999998,98.36065573770492,100.0,True,80.0,0.6774666666666667,3,1.6766333333333332,3,0.7788666666666667,3,-0.2903333333333333,3
2020,142.40000000000003,366,0,49,366,100.0,True,True,True,100.0,True,142.40000000000003,138.5,99.72,96.77,34.54600957821004,True,0.2,neutral_threshold,13.99344262295082,182.6,100.0,100.0,True,81.0,-0.4351,3,-0.9193333333333332,3,1.4300666666666668,3,-0.085,3
2023,137.1,363,2,44,365,99.45205479452056,True,True,True,99.05660377358492,True,137.1,172.00000000000003,140.65,117.56666666666668,32.94427112564492,True,-0.78,cool_threshold,13.955,76.0,98.36065573770492,100.0,True,84.0,-0.2667666666666666,3,-0.0780666666666666,3,1.1796666666666666,3,-2.0846666666666667,3
2024,67.0,365,1,33,366,99.72677595628416,True,True,True,99.53051643192488,True,67.0,137.1,147.5,120.94444444444444,33.24789884756297,True,1.25,warm_threshold,15.566666666666666,51.3,98.36065573770492,100.0,True,85.0,-0.1462333333333333,3,-1.2598,3,0.8834666666666666,3,-2.374333333333333,3
2025,135.6,364,1,42,365,99.72602739726028,True,True,True,99.52830188679243,True,135.6,67.0,129.625,113.01111111111112,36.88198897986812,True,-0.04,neutral_threshold,15.260655737704916,128.0,100.0,100.0,True,86.0,0.4155666666666667,3,0.2198999999999999,3,0.9768333333333332,3,-2.441333333333333,3
2026,190.6,365,0,56,365,100.0,True,True,True,100.0,True,190.6,135.6,127.925,117.04444444444444,37.17879473272069,True,-0.26,neutral_threshold,15.070491803278689,140.3,100.0,100.0,True,87.0,0.1947333333333333,3,-0.0208999999999999,3,0.3955333333333333,3,-2.950333333333333,3
