year,annual_mean_temp,annual_max_temp,annual_min_temp,usable_tas,usable_tasmax,usable_tasmin,anomaly,rolling_30yr
1954,8.129166666666666,11.789722222222222,4.435555555555555,True,True,True,-0.7200503265521476,
1955,9.116434540389973,12.668333333333335,5.550696378830084,True,True,True,0.26721754717115864,
1956,7.745152354570637,11.066022099447514,4.355401662049862,True,True,True,-1.1040646386481772,
1957,8.221643835616439,11.715616438356165,4.696438356164384,True,True,True,-0.6275731576023755,
1958,7.715833333333332,11.211357340720221,4.129916897506925,True,True,True,-1.1333836598854816,
1959,8.093150684931507,11.767123287671232,4.393424657534246,True,True,True,-0.7560663082873074,
1960,7.818904109589042,11.336986301369864,4.279452054794521,True,True,True,-1.0303128836297724,
1961,8.330410958904109,11.915616438356164,4.711506849315069,True,True,True,-0.5188060343147054,
1962,8.031780821917808,11.523835616438356,4.514520547945206,True,True,True,-0.8174361713010061,
1963,7.608219178082192,11.548767123287671,3.6416438356164385,True,True,True,-1.2409978151366223,
1964,8.189617486338799,11.827868852459016,4.525136612021858,True,True,True,-0.6595995068800153,
1965,7.576712328767123,11.210958904109589,3.9136986301369863,True,True,True,-1.2725046644516906,
1966,8.080821917808219,11.8,4.332602739726028,True,True,True,-0.768395075410595,
1967,7.920547945205479,11.320821917808221,4.491232876712329,True,True,True,-0.9286690480133348,
1968,7.824590163934427,11.34262295081967,4.274863387978142,True,True,True,-1.0246268292843874,
1969,8.370958904109589,11.715068493150685,5.002465753424658,True,True,True,-0.4782580891092252,
1970,8.28027397260274,11.825753424657533,4.7095890410958905,True,True,True,-0.5689430206160733,
1971,8.483013698630138,12.076712328767123,4.8591780821917805,True,True,True,-0.36620329458867573,
1972,7.463387978142077,10.940163934426229,3.962021857923497,True,True,True,-1.3858290150767374,
1973,9.022739726027398,12.404657534246574,5.609589041095891,True,True,True,0.17352273280858377,
1974,7.968767123287671,11.486027397260273,4.4249315068493145,True,True,True,-0.8804498699311427,
1975,8.64082191780822,12.321917808219178,4.935616438356164,True,True,True,-0.20839507541059454,
1976,6.88360655737705,10.87431693989071,2.873497267759563,True,True,True,-1.9656104358417643,
1977,7.628493150684932,11.08164383561644,4.147397260273973,True,True,True,-1.2207238425338822,
1978,7.807123287671232,11.377534246575342,4.214520547945205,True,True,True,-1.0420937055475816,8.038086905695872
1979,8.058904109589042,11.313698630136987,4.775068493150685,True,True,True,-0.7903128836297721,8.038887567384071
1980,7.656284153005464,11.052732240437159,4.236065573770492,True,True,True,-1.1929328402133503,8.024717070555234
1981,8.075890410958904,11.517534246575341,4.606301369863013,True,True,True,-0.7733265822599105,8.026544689855365
1982,7.664931506849315,11.417534246575341,3.884109589041096,True,True,True,-1.1842854863694994,8.014075269751707
1983,8.987123287671233,12.503013698630138,5.442465753424657,True,True,True,0.13790629445241898,8.046510203682358
1984,8.412021857923497,12.031147540983605,4.7653005464480875,True,True,True,-0.43719513529531717,8.055938710057585
1985,8.465753424657533,12.06082191780822,4.843835616438356,True,True,True,-0.3834635685612806,8.034249339533172
1986,8.547123287671232,12.12054794520548,4.944657534246575,True,True,True,-0.3020937055475823,8.060981703969857
1987,9.678904109589041,13.561643835616438,5.765753424657534,True,True,True,0.8296871163702271,8.109557046435611
1988,8.887704918032787,12.883060109289618,4.861475409836065,True,True,True,0.038487924813972896,8.14861943259226
1989,7.9,11.517534246575341,4.264109589041096,True,True,True,-0.9492169932188137,8.142181076427876
1990,9.131780821917808,12.724657534246575,5.507397260273973,True,True,True,0.28256382869899355,8.185943633505502
1991,9.486575342465754,13.054246575342466,5.892328767123288,True,True,True,0.6373583492469397,8.22448244629089
1992,7.781420765027322,11.063934426229508,4.467486338797814,True,True,True,-1.067796228191492,8.216137111061208
1993,7.886575342465753,11.356164383561644,4.392602739726027,True,True,True,-0.9626416507530609,8.225415649873993
1994,7.841095890410959,11.68027397260274,3.9734246575342462,True,True,True,-1.0081211028078547,8.213798263343064
1995,8.356811594202899,11.784347826086956,4.900288184438041,True,True,True,-0.4924053990159152,8.239801572190924
1996,7.597252747252748,11.047802197802199,4.125274725274725,True,True,True,-1.2519642459660663,8.223682599839075
1997,7.900831024930747,11.6267217630854,4.196675900277008,True,True,True,-0.9483859682880666,8.22302536916325
1998,10.274794520547946,13.90958904109589,6.611506849315068,True,True,True,1.425577527329132,8.304698847717034
1999,9.432782369146006,13.194214876033058,5.643250688705234,True,True,True,0.5835653759271917,8.340092963218249
2000,8.32103825136612,12.002732240437158,4.609016393442623,True,True,True,-0.5281787418526935,8.34145177251036
2001,9.428493150684933,13.05041095890411,5.773424657534247,True,True,True,0.5792761574661185,8.37296775424552
2002,9.549999999999999,13.315934065934066,5.749175824175824,True,True,True,0.7007830067811849,8.442521488307452
2003,7.642307692307693,11.4021978021978,3.849725274725275,True,True,True,-1.2069093009111214,8.396507087183462
2004,8.327868852459016,11.925409836065572,4.696448087431694,True,True,True,-0.5213481407597982,8.408477144822506
2005,9.07972602739726,12.633424657534245,5.49972602739726,True,True,True,0.23050903417844637,8.423107281808807
2006,9.692328767123287,13.169863013698631,6.175068493150685,True,True,True,0.8431117739044733,8.516731355467016
2007,8.878082191780821,12.628767123287671,5.098630136986301,True,True,True,0.02886519856200742,8.558384323503544
2008,8.526229508196721,12.197267759562841,4.833060109289618,True,True,True,-0.32298748502209307,8.582354530854394
2009,8.398082191780823,11.973424657534247,4.796712328767123,True,True,True,-0.45113480143799123,8.593660466927455
2010,9.518857142857142,13.226780626780627,5.828977272727273,True,True,True,0.6696401496383277,8.655746233255844
2011,9.275342465753425,12.726301369863014,5.795068493150684,True,True,True,0.4261254725346113,8.695727968415662
2012,10.590710382513661,14.21174863387978,6.929508196721311,True,True,True,1.7414933892948472,8.793253930937805
2013,8.740220385674931,12.16914600550964,5.282093663911846,True,True,True,-0.10899660754388307,8.785023834204596
2014,7.545454545454546,11.08595041322314,3.9831955922865014,True,True,True,-1.3037624477642682,8.756138257122297
2015,8.572876712328767,12.398630136986302,4.711506849315069,True,True,True,-0.2763402808900466,8.759709033378005
2016,10.1775956284153,13.872131147540983,6.453551912568306,True,True,True,1.3283786351964864,8.814058111402808
2017,9.323076923076924,12.728296703296705,5.880219780219781,True,True,True,0.47385992985810965,8.802197205185736
2018,9.232054794520547,12.61123287671233,5.81945205479452,True,True,True,0.38283780130173284,8.813675534401995
2019,8.216809116809117,11.672934472934472,4.733048433048433,True,True,True,-0.6324078764096974,8.824235838295634
2020,9.88121546961326,13.40524861878453,6.318232044198894,True,True,True,1.0319984763944454,8.849216993218814
2021,10.253781512605041,13.771148459383754,6.697759103641457,True,True,True,1.404564519386227,8.874790532223455
2022,8.28417910447761,11.991044776119402,4.5513432835820895,True,True,True,-0.5650378887412035,8.891549143538466
2023,10.269060773480664,13.547513812154696,6.932872928176795,True,True,True,1.41984378026185,8.970965324572296
