season_year,snowfall_cm,coverage_pct,winter_coverage_pct,snow_lag1_cm,snow_roll5_mean_cm,snow_roll10_mean_cm,snow_roll10_std_cm,sep_oct_mean_temp_c,sep_oct_total_precip_mm,sep_oct_temp_valid_days,sep_oct_precip_valid_days,sep_oct_temp_coverage_pct,sep_oct_precip_coverage_pct,autumn_features_usable,enso_year,oni_jas,oni_phase_threshold,year_index
1951,111.8,100.0,100.0,196.4,136.21999999999997,141.04000000000002,35.38807708819455,12.640983606557377,99.99999999999999,61,61,100.0,100.0,True,1950.0,-0.57,cool_threshold,12
1952,184.8,100.0,100.0,111.8,140.68,135.82,35.474836151841494,12.634426229508197,102.30000000000001,61,61,100.0,100.0,True,1951.0,0.9,warm_threshold,13
1953,53.89999999999999,100.0,100.0,184.8,148.27999999999997,144.60999999999999,35.64923094074635,11.89672131147541,77.4,61,61,100.0,100.0,True,1952.0,-0.2,neutral_threshold,14
1954,124.7,100.0,100.0,53.89999999999999,134.68,131.76,42.92992222473997,13.195081967213115,92.49999999999999,61,61,100.0,100.0,True,1953.0,0.68,warm_threshold,15
1955,109.29999999999998,100.0,100.0,124.7,134.32,131.85999999999999,42.91022152251269,13.193442622950819,294.6,61,61,100.0,100.0,True,1954.0,-0.83,cool_threshold,16
1956,160.0,100.0,100.0,109.29999999999998,116.9,126.55999999999999,41.9960897650669,13.373770491803278,107.9,61,61,100.0,100.0,True,1955.0,-0.92,cool_threshold,17
1957,117.3,100.0,100.0,160.0,126.53999999999999,133.60999999999999,40.988899581336526,11.755737704918033,62.99999999999999,61,61,100.0,100.0,True,1956.0,-0.52,cool_threshold,18
1958,96.1,100.0,100.0,117.3,113.03999999999999,130.66,40.99569625108363,12.334426229508196,141.5,61,61,100.0,100.0,True,1957.0,1.03,warm_threshold,19
1959,146.5,100.0,100.0,96.1,121.47999999999999,128.07999999999998,42.39616858999304,13.072131147540983,110.0,61,61,100.0,100.0,True,1958.0,0.32,neutral_threshold,20
1960,141.5,100.0,100.0,146.5,125.83999999999996,130.07999999999998,42.78332489287023,14.12950819672131,148.79999999999998,61,61,100.0,100.0,True,1959.0,-0.23,neutral_threshold,21
1961,123.5,100.0,100.0,141.5,132.27999999999997,124.59,36.36907874677182,13.677049180327868,64.1,61,61,100.0,100.0,True,1960.0,0.15,neutral_threshold,22
1962,134.9,100.0,100.0,123.5,124.97999999999998,125.75999999999999,36.0990981727922,15.588524590163933,57.199999999999996,61,61,100.0,100.0,True,1961.0,-0.2,neutral_threshold,23
1963,101.5,100.0,100.0,134.9,128.49999999999997,120.76999999999998,29.95760152096441,12.373770491803278,230.3,61,61,100.0,100.0,True,1962.0,-0.1,neutral_threshold,24
1964,158.39999999999998,100.0,100.0,101.5,129.57999999999998,125.53,20.41317929399752,13.799999999999999,57.10000000000001,61,61,100.0,100.0,True,1963.0,1.09,warm_threshold,25
1965,190.59999999999997,100.0,100.0,158.39999999999998,131.95999999999998,128.9,22.892162656925,10.849180327868853,60.400000000000006,61,61,100.0,100.0,True,1964.0,-0.7,cool_threshold,26
1966,132.0,100.0,100.0,190.59999999999997,141.77999999999997,137.03,28.82556928222658,11.173770491803278,171.40000000000003,61,61,100.0,100.0,True,1965.0,1.27,warm_threshold,27
1967,165.50000000000003,100.0,100.0,132.0,143.47999999999996,134.23,27.683731684872253,11.139344262295081,79.99999999999999,61,61,100.0,100.0,True,1966.0,0.13,neutral_threshold,28
1968,110.80000000000004,100.0,100.0,165.50000000000003,149.6,139.05,28.58975146602169,11.401639344262295,143.4,61,61,100.0,100.0,True,1967.0,-0.26,neutral_threshold,29
1969,83.5,100.0,100.0,110.80000000000004,151.45999999999998,140.51999999999998,26.4325472770892,13.28688524590164,129.3,61,61,100.0,100.0,True,1968.0,0.38,neutral_threshold,30
1970,154.3,100.0,100.0,83.5,136.48,134.21999999999997,31.80973994793977,11.895081967213114,64.2,61,61,100.0,100.0,True,1969.0,0.41,neutral_threshold,31
1971,171.7,100.0,100.0,154.3,129.22,135.5,32.387514741194806,12.714754098360656,125.8,61,61,100.0,100.0,True,1970.0,-0.72,cool_threshold,32
1972,188.9,100.0,100.0,171.7,137.16,140.32,33.95205115715069,14.700000000000001,70.1,61,61,100.0,100.0,True,1971.0,-0.6,cool_threshold,33
1973,110.0,100.0,100.0,188.9,141.84,145.72,37.13895229779345,10.770491803278688,182.89999999999998,61,61,100.0,100.0,True,1972.0,1.26,warm_threshold,34
1974,127.8,100.0,100.0,110.0,141.67999999999998,146.57,36.097092834619126,13.114754098360656,178.10000000000002,61,61,100.0,100.0,True,1973.0,-1.11,cool_threshold,35
1975,124.59999999999998,100.0,100.0,127.8,150.54,143.51,36.27936205490818,10.4,70.8,61,61,100.0,100.0,True,1974.0,-0.4,neutral_threshold,36
1976,163.3,100.0,100.0,124.59999999999998,144.6,136.91,32.57512513832876,11.231147540983606,120.39999999999999,61,61,100.0,100.0,True,1975.0,-1.12,cool_threshold,37
1977,122.5,100.0,100.0,163.3,142.92,140.04000000000002,33.54036374280996,10.173770491803278,134.60000000000002,61,61,100.0,100.0,True,1976.0,0.4,neutral_threshold,38
1978,143.1,100.0,100.0,122.5,129.64,135.74,32.65840711907971,11.51311475409836,223.60000000000002,61,61,100.0,100.0,True,1977.0,0.35,neutral_threshold,39
1979,130.7,100.0,100.0,143.1,136.26,138.96999999999997,31.494234040182317,11.357377049180327,190.5,61,61,100.0,100.0,True,1978.0,-0.37,neutral_threshold,40
1980,79.7,100.0,100.0,130.7,136.83999999999997,143.69,25.15655205132675,11.670491803278688,128.70000000000002,61,61,100.0,100.0,True,1979.0,0.22,neutral_threshold,41
1981,81.79999999999998,100.0,100.0,79.7,127.85999999999999,136.23,31.835167486427487,10.957377049180327,141.79999999999998,61,61,100.0,100.0,True,1980.0,-0.06,neutral_threshold,42
1982,129.0,100.0,100.0,81.79999999999998,111.55999999999999,127.23999999999998,33.36266043215248,10.337704918032788,238.2,61,61,100.0,100.0,True,1981.0,-0.23,neutral_threshold,43
1983,71.5,100.0,100.0,129.0,112.85999999999999,121.25,25.516759198613013,12.204918032786885,172.4,61,61,100.0,100.0,True,1982.0,0.99,warm_threshold,44
1984,132.1,100.0,100.0,71.5,98.53999999999998,117.4,29.926242664257103,12.737704918032787,126.7,61,61,100.0,100.0,True,1983.0,-0.06,neutral_threshold,45
1985,145.8,99.72602739726028,99.52830188679245,132.1,98.81999999999998,117.83,30.122529405376632,12.073770491803279,100.80000000000001,61,61,100.0,100.0,True,1984.0,-0.22,neutral_threshold,46
1986,91.8,100.0,100.0,145.8,112.03999999999999,119.94999999999997,31.372041693201957,13.168852459016392,109.9,61,61,100.0,100.0,True,1985.0,-0.33,neutral_threshold,47
1987,115.20000000000002,100.0,100.0,91.8,114.03999999999999,112.8,28.401525780610257,11.6672131147541,267.09999999999997,61,61,100.0,100.0,True,1986.0,0.46,neutral_threshold,48
1988,78.4,100.0,100.0,115.20000000000002,111.28,112.06999999999998,28.21772689482825,11.19672131147541,156.09999999999997,61,61,100.0,100.0,True,1987.0,1.46,warm_threshold,49
1989,72.19999999999999,100.0,100.0,78.4,112.66,105.6,27.725559807994312,11.270491803278688,138.0,61,61,100.0,100.0,True,1988.0,-1.14,cool_threshold,50
1990,81.4,100.0,100.0,72.19999999999999,100.67999999999998,99.75,28.011277490801277,12.700000000000001,120.3,61,61,100.0,100.0,True,1989.0,-0.36,neutral_threshold,51
1991,88.8,100.0,100.0,81.4,87.79999999999998,99.91999999999999,27.880929364392173,12.321311475409836,130.59999999999997,61,61,100.0,100.0,True,1990.0,0.32,neutral_threshold,52
1992,96.0,100.0,100.0,88.8,87.2,100.61999999999999,27.460144856783966,12.593442622950821,98.39999999999999,61,61,100.0,100.0,True,1991.0,0.67,warm_threshold,53
1995,88.8,100.0,100.0,115.8,94.64,97.66,22.098376008707653,12.888524590163936,78.8,61,61,100.0,100.0,True,1994.0,0.3,neutral_threshold,56
1996,145.20000000000002,100.0,100.0,88.8,96.11999999999998,91.96000000000001,14.26411192079245,12.472131147540983,159.29999999999998,61,61,100.0,100.0,True,1995.0,-0.55,cool_threshold,57
1997,144.4,100.0,100.0,145.20000000000002,107.4,97.3,22.061781936693738,12.793442622950819,242.0,61,61,100.0,100.0,True,1996.0,-0.27,neutral_threshold,58
1998,87.6,100.0,100.0,144.4,117.08,100.22,26.232371858704216,12.434426229508198,83.20000000000002,61,61,100.0,100.0,True,1997.0,1.79,warm_threshold,59
1999,116.1,100.0,100.0,87.6,116.35999999999999,101.13999999999999,25.534125314088183,14.424590163934425,62.4,61,61,100.0,100.0,True,1998.0,-0.83,cool_threshold,60
2000,81.29999999999998,100.0,100.0,116.1,116.41999999999999,105.53,23.714695397111484,13.60655737704918,141.79999999999998,61,61,100.0,100.0,True,1999.0,-0.94,cool_threshold,61
2001,138.00000000000003,100.0,100.0,81.29999999999998,114.91999999999999,105.52000000000001,23.72601947230093,13.478688524590165,87.60000000000001,61,61,100.0,100.0,True,2000.0,-0.4,neutral_threshold,62
2002,76.0,100.0,100.0,138.00000000000003,113.47999999999999,110.43999999999998,24.943589690873864,13.6,159.2,61,61,100.0,100.0,True,2001.0,-0.13,neutral_threshold,63
2003,150.7,100.0,100.0,76.0,99.8,108.43999999999998,26.951075014634334,14.452459016393442,102.19999999999999,61,61,100.0,100.0,True,2002.0,0.63,warm_threshold,64
2004,120.79999999999998,100.0,100.0,150.7,112.41999999999999,114.38999999999999,29.196478098108596,12.968852459016393,163.6,61,61,100.0,100.0,True,2003.0,0.14,neutral_threshold,65
2005,148.1,100.0,100.0,120.79999999999998,113.35999999999999,114.88999999999999,29.26603833797806,14.498360655737704,60.400000000000006,61,61,100.0,100.0,True,2004.0,0.54,warm_threshold,66
2006,85.0,100.0,100.0,148.1,126.71999999999998,120.82000000000001,29.39969009662821,14.998360655737704,127.00000000000001,61,61,100.0,100.0,True,2005.0,-0.14,neutral_threshold,67
2007,60.3,100.0,100.0,85.0,116.11999999999998,114.8,30.009924284402267,12.177049180327868,198.20000000000002,61,61,100.0,100.0,True,2006.0,0.33,neutral_threshold,68
2008,193.99999999999997,100.0,100.0,60.3,112.97999999999999,106.38999999999999,32.475920994552965,16.24098360655738,69.80000000000001,61,61,100.0,100.0,True,2007.0,-0.77,cool_threshold,69
2009,152.7,100.0,100.0,193.99999999999997,121.63999999999996,117.03,41.74329087809602,12.90327868852459,123.0,61,61,100.0,100.0,True,2008.0,-0.2,neutral_threshold,70
2010,52.4,100.0,100.0,152.7,128.01999999999998,120.69000000000001,43.23071053468048,12.71967213114754,111.2,61,61,100.0,100.0,True,2009.0,0.56,warm_threshold,71
2011,128.79999999999998,100.0,100.0,52.4,108.87999999999997,117.79999999999998,46.961544551544165,13.275409836065574,145.4,61,61,100.0,100.0,True,2010.0,-1.24,cool_threshold,72
2012,42.8,100.0,100.0,128.79999999999998,117.63999999999996,116.87999999999997,46.610652096799605,14.037704918032786,204.20000000000002,61,61,100.0,100.0,True,2011.0,-0.5,cool_threshold,73
2013,106.7,100.0,100.0,42.8,114.13999999999999,113.55999999999997,50.83680206744367,13.232786885245902,247.39999999999998,61,61,100.0,100.0,True,2012.0,0.39,neutral_threshold,74
2015,99.3,99.72602739726028,99.52830188679245,138.4,93.81999999999998,110.91999999999999,49.913275900416636,13.695081967213115,158.39999999999995,61,61,100.0,100.0,True,2014.0,0.07,neutral_threshold,76
2016,65.9,99.4535519125683,100.0,99.3,103.2,106.03999999999999,48.2315526047697,14.737704918032787,129.6,61,61,100.0,100.0,True,2015.0,1.73,warm_threshold,77
2017,85.19999999999999,99.72602739726028,99.52830188679245,65.9,90.61999999999999,104.13,49.51834789022932,15.59672131147541,107.0,61,61,100.0,100.0,True,2016.0,-0.34,neutral_threshold,78
2018,109.70000000000002,99.72602739726028,99.52830188679245,85.19999999999999,99.1,106.61999999999998,47.66069426453814,15.975409836065573,87.60000000000001,61,61,100.0,100.0,True,2017.0,-0.07,neutral_threshold,79
2019,138.5,99.72602739726028,100.0,109.70000000000002,99.69999999999999,98.19,36.67795129381019,13.896666666666667,119.79999999999998,60,61,98.36065573770492,100.0,True,2018.0,0.3,neutral_threshold,80
2020,142.40000000000003,100.0,100.0,138.5,99.71999999999998,96.77000000000001,34.54600957821003,13.99344262295082,182.60000000000002,61,61,100.0,100.0,True,2019.0,0.2,neutral_threshold,81
2022,172.00000000000003,99.45205479452056,99.05660377358491,122.0,119.55999999999999,105.09,32.952236477800575,15.536065573770491,259.8,61,61,100.0,100.0,True,2021.0,-0.46,neutral_threshold,83
2023,137.1,99.45205479452056,99.05660377358491,172.00000000000003,136.92000000000002,118.01000000000002,31.091779906878585,13.955,76.0,60,61,98.36065573770492,100.0,True,2022.0,-0.78,cool_threshold,84
2024,67.0,99.72677595628416,99.53051643192488,137.1,142.4,121.05,31.348196829234777,15.566666666666666,51.3,60,61,98.36065573770492,100.0,True,2023.0,1.25,warm_threshold,85
2025,135.6,99.72602739726028,99.52830188679245,67.0,128.1,113.91,34.88866259657683,15.260655737704917,128.0,61,61,100.0,100.0,True,2024.0,-0.04,neutral_threshold,86
2026,190.6,100.0,100.0,135.6,126.73999999999998,117.53999999999999,35.0875159818671,15.070491803278689,140.3,61,61,100.0,100.0,True,2025.0,-0.26,neutral_threshold,87
