season_year,snowfall_cm,valid_days,missing_days,measurable_snow_days,expected_days,coverage_pct,usable_90pct,full_calendar_window,usable
1937,,0,181,0,365,0.0,False,False,False
1938,91.7,242,123,20,365,66.3013698630137,False,True,False
1939,207.39999999999998,365,0,65,365,100.0,True,True,True
1940,89.5,244,122,31,366,66.66666666666666,False,True,False
1941,164.0,365,0,40,365,100.0,True,True,True
1942,96.9,365,0,42,365,100.0,True,True,True
1943,182.4,365,0,50,365,100.0,True,True,True
1944,123.7,366,0,41,366,100.0,True,True,True
1945,162.29999999999998,365,0,58,365,100.0,True,True,True
1946,89.5,365,0,39,365,100.0,True,True,True
1947,146.8,365,0,54,365,100.0,True,True,True
1948,121.9,366,0,42,366,100.0,True,True,True
1949,126.5,365,0,37,365,100.0,True,True,True
1950,196.39999999999998,365,0,42,365,100.0,True,True,True
1951,111.80000000000001,365,0,40,365,100.0,True,True,True
1952,184.8,366,0,43,366,100.0,True,True,True
1953,53.89999999999999,365,0,23,365,100.0,True,True,True
1954,124.7,365,0,38,365,100.0,True,True,True
1955,109.29999999999998,365,0,44,365,100.0,True,True,True
1956,160.0,366,0,66,366,100.0,True,True,True
1957,117.3,365,0,49,365,100.0,True,True,True
1958,96.1,365,0,49,365,100.0,True,True,True
1959,146.5,365,0,56,365,100.0,True,True,True
1960,141.5,366,0,57,366,100.0,True,True,True
1961,123.5,365,0,42,365,100.0,True,True,True
1962,134.9,365,0,52,365,100.0,True,True,True
1963,101.5,365,0,50,365,100.0,True,True,True
1964,158.39999999999998,366,0,41,366,100.0,True,True,True
1965,190.59999999999997,365,0,47,365,100.0,True,True,True
1966,132.0,365,0,40,365,100.0,True,True,True
1967,165.50000000000003,365,0,50,365,100.0,True,True,True
1968,110.80000000000003,366,0,43,366,100.0,True,True,True
1969,83.5,365,0,38,365,100.0,True,True,True
1970,154.3,365,0,64,365,100.0,True,True,True
1971,171.7,365,0,60,365,100.0,True,True,True
1972,188.9,366,0,53,366,100.0,True,True,True
1973,110.0,365,0,45,365,100.0,True,True,True
1974,127.8,365,0,52,365,100.0,True,True,True
1975,124.59999999999998,365,0,48,365,100.0,True,True,True
1976,163.3,366,0,46,366,100.0,True,True,True
1977,122.49999999999999,365,0,60,365,100.0,True,True,True
1978,143.1,365,0,49,365,100.0,True,True,True
1979,130.7,365,0,43,365,100.0,True,True,True
1980,79.7,366,0,42,366,100.0,True,True,True
1981,81.79999999999998,365,0,50,365,100.0,True,True,True
1982,129.0,365,0,47,365,100.0,True,True,True
1983,71.5,365,0,27,365,100.0,True,True,True
1984,132.1,366,0,51,366,100.0,True,True,True
1985,145.8,364,1,56,365,99.72602739726028,True,True,True
1986,91.8,365,0,60,365,100.0,True,True,True
1987,115.20000000000002,365,0,31,365,100.0,True,True,True
1988,78.4,366,0,36,366,100.0,True,True,True
1989,72.19999999999999,365,0,43,365,100.0,True,True,True
1990,81.4,365,0,42,365,100.0,True,True,True
1991,88.8,365,0,46,365,100.0,True,True,True
1992,96.0,366,0,39,366,100.0,True,True,True
1993,91.20000000000002,341,24,40,365,93.42465753424658,True,True,True
1994,115.8,329,36,48,365,90.13698630136986,True,True,True
1995,88.8,365,0,38,365,100.0,True,True,True
1996,145.20000000000002,366,0,57,366,100.0,True,True,True
1997,144.4,365,0,64,365,100.0,True,True,True
1998,87.6,365,0,43,365,100.0,True,True,True
1999,116.1,365,0,31,365,100.0,True,True,True
2000,81.29999999999998,366,0,38,366,100.0,True,True,True
2001,138.00000000000003,365,0,48,365,100.0,True,True,True
2002,76.0,365,0,30,365,100.0,True,True,True
2003,150.7,365,0,60,365,100.0,True,True,True
2004,120.79999999999998,366,0,47,366,100.0,True,True,True
2005,148.1,365,0,53,365,100.0,True,True,True
2006,85.0,365,0,40,365,100.0,True,True,True
2007,60.300000000000004,365,0,38,365,100.0,True,True,True
2008,193.99999999999997,366,0,56,366,100.0,True,True,True
2009,152.7,365,0,46,365,100.0,True,True,True
2010,52.4,365,0,29,365,100.0,True,True,True
2011,128.79999999999998,365,0,42,365,100.0,True,True,True
2012,42.8,366,0,32,366,100.0,True,True,True
2013,106.7,365,0,43,365,100.0,True,True,True
2014,138.4,358,7,53,365,98.08219178082192,True,True,True
2015,99.30000000000001,364,1,42,365,99.72602739726028,True,True,True
2016,65.9,364,2,32,366,99.4535519125683,True,True,True
2017,85.19999999999999,364,1,34,365,99.72602739726028,True,True,True
2018,109.70000000000002,364,1,44,365,99.72602739726028,True,True,True
2019,138.5,364,1,51,365,99.72602739726028,True,True,True
2020,142.40000000000003,366,0,49,366,100.0,True,True,True
2021,122.0,356,9,47,365,97.53424657534246,True,True,True
2022,172.00000000000003,363,2,52,365,99.45205479452055,True,True,True
2023,137.1,363,2,44,365,99.45205479452055,True,True,True
2024,67.0,365,1,33,366,99.72677595628416,True,True,True
2025,135.6,364,1,42,365,99.72602739726028,True,True,True
2026,190.60000000000002,365,0,56,365,100.0,True,True,True
2027,0.0,91,93,0,365,24.93150684931507,False,False,False
