season_year,method,actual_cm,actual_category,below_threshold_cm,above_threshold_cm,point_prediction_cm,median_prediction_cm,lower80_cm,upper80_cm,p_below,p_near,p_above,calibration_n,brier_score,inside_80_interval,interval_width_cm,predicted_category,category_correct,interval_miss_distance_cm
1971,Probabilistic Climatology,171.7,above,120.36666666666666,149.3,133.71,129.25,95.44,182.64000000000001,0.3333333333333333,0.3333333333333333,0.3333333333333333,,0.6666666666666667,True,87.20000000000002,below,False,0.0
1971,ElasticNet + NAO Residual,171.7,above,120.36666666666666,149.3,129.6322761553776,132.56730625718149,102.78333678375034,178.46323766775157,0.4,0.3,0.3,10.0,0.74,True,75.67990088400123,below,False,0.0
1972,Probabilistic Climatology,188.9,above,120.36666666666666,149.3,133.96666666666667,129.25,95.44,182.64000000000001,0.3333333333333333,0.3333333333333333,0.3333333333333333,,0.6666666666666667,False,87.20000000000002,below,False,6.259999999999991
1972,ElasticNet + NAO Residual,188.9,above,120.36666666666666,149.3,133.8496302595096,154.75153026618523,109.82211753146268,186.26376942356086,0.2,0.2,0.6,10.0,0.24000000000000005,False,76.44165189209818,above,True,2.6362305764391465
1973,Probabilistic Climatology,110.0,below,122.96666666666667,155.66666666666666,137.03333333333333,133.45,95.44,185.21,0.3333333333333333,0.3333333333333333,0.3333333333333333,,0.6666666666666667,True,89.77000000000001,below,True,0.0
1973,ElasticNet + NAO Residual,110.0,below,122.96666666666667,155.66666666666666,136.96809391227194,165.40849901090115,111.8613124443381,202.15597657236853,0.2,0.2,0.6,10.0,1.04,False,90.29466412803043,above,False,1.8613124443380968
1974,Probabilistic Climatology,127.8,near,120.36666666666666,149.3,134.62,129.25,95.44,185.21,0.3333333333333333,0.3333333333333333,0.3333333333333333,,0.6666666666666667,True,89.77000000000001,below,False,0.0
1974,ElasticNet + NAO Residual,127.8,near,120.36666666666666,149.3,129.398952226163,160.82375038813822,120.85016421071325,196.46325636998955,0.1,0.3,0.6,10.0,0.8599999999999999,True,75.6130921592763,above,False,0.0
1975,Probabilistic Climatology,124.59999999999998,near,120.36666666666666,149.3,134.7566666666667,129.9,95.44,185.21,0.3333333333333333,0.3333333333333333,0.3333333333333333,,0.6666666666666667,True,89.77000000000001,below,False,0.0
1975,ElasticNet + NAO Residual,124.59999999999998,near,120.36666666666666,149.3,132.826373466699,148.26412478437243,114.5453551002509,197.01761402417202,0.2,0.3,0.5,10.0,0.7799999999999999,True,82.47225892392112,above,False,0.0
1976,Probabilistic Climatology,163.3,above,120.36666666666666,146.6,133.50000000000003,127.15,95.44,185.21,0.3333333333333333,0.3333333333333333,0.3333333333333333,,0.6666666666666667,True,89.77000000000001,below,False,0.0
1976,ElasticNet + NAO Residual,163.3,above,120.36666666666666,146.6,143.11065454180064,143.05555148846165,117.93804856557978,182.59773140724582,0.2,0.4,0.4,10.0,0.56,True,64.65968284166604,near,False,0.0
1977,Probabilistic Climatology,122.5,below,122.96666666666667,149.3,135.96,129.9,100.96000000000001,185.21,0.3333333333333333,0.3333333333333333,0.3333333333333333,,0.6666666666666667,True,84.25,below,True,0.0
1977,ElasticNet + NAO Residual,122.5,below,122.96666666666667,149.3,135.20075739624917,143.2944188506321,107.4290624471025,176.4192627731402,0.3,0.2,0.5,10.0,0.7799999999999999,True,68.9902003260377,above,False,0.0
1978,Probabilistic Climatology,143.1,near,122.3,149.1,135.15,127.15,100.96000000000001,185.21,0.3333333333333333,0.3333333333333333,0.3333333333333333,,0.6666666666666667,True,84.25,below,False,0.0
1978,ElasticNet + NAO Residual,143.1,near,122.3,149.1,132.44837066948233,125.40169832798955,105.28471821228509,172.24009366754407,0.4,0.2,0.4,10.0,0.9600000000000002,True,66.95537545525899,below,False,0.0
1979,Probabilistic Climatology,130.7,near,123.16666666666667,149.1,135.85666666666668,129.9,100.96000000000001,185.21,0.3333333333333333,0.3333333333333333,0.3333333333333333,,0.6666666666666667,True,84.25,below,False,0.0
1979,ElasticNet + NAO Residual,130.7,near,123.16666666666667,149.1,132.33891989031022,136.50558655697688,108.40558655697689,174.47558655697688,0.2,0.4,0.4,10.0,0.56,True,66.07,near,True,0.0
1980,Probabilistic Climatology,79.7,below,123.16666666666667,149.1,135.99666666666667,131.35,100.96000000000001,185.21,0.3333333333333333,0.3333333333333333,0.3333333333333333,,0.6666666666666667,False,84.25,below,True,21.260000000000005
1980,ElasticNet + NAO Residual,79.7,below,123.16666666666667,149.1,145.81501129292587,157.40570776356955,142.1846772370047,191.59508400832758,0.0,0.3,0.7,10.0,1.58,False,49.41040677132287,above,False,62.4846772370047
1981,Probabilistic Climatology,81.79999999999998,below,120.76666666666667,144.23333333333332,132.10666666666665,129.25,94.84,173.01000000000002,0.3333333333333333,0.3333333333333333,0.3333333333333333,,0.6666666666666667,False,78.17000000000002,below,True,13.04000000000002
1981,ElasticNet + NAO Residual,81.79999999999998,below,120.76666666666667,144.23333333333332,132.77733747544062,138.7322803607829,118.18392599263979,176.74180816839524,0.1,0.5,0.4,10.0,1.2200000000000002,False,58.55788217575545,near,False,36.3839259926398
1982,Probabilistic Climatology,129.0,near,120.76666666666667,144.23333333333332,131.10666666666665,129.25,83.33,173.01000000000002,0.3333333333333333,0.3333333333333333,0.3333333333333333,,0.6666666666666667,True,89.68000000000002,below,False,0.0
1982,ElasticNet + NAO Residual,129.0,near,120.76666666666667,144.23333333333332,129.1055743607032,124.9434795028379,73.10839536113991,156.79981768288178,0.4,0.4,0.2,10.0,0.56,True,83.69142232174187,below,False,0.0
1983,Probabilistic Climatology,71.5,below,120.76666666666667,142.03333333333333,129.24666666666664,128.4,83.33,166.12000000000003,0.3333333333333333,0.3333333333333333,0.3333333333333333,,0.6666666666666667,False,82.79000000000003,below,True,11.829999999999998
1983,ElasticNet + NAO Residual,71.5,below,120.76666666666667,142.03333333333333,136.9346983123828,127.77709481894289,84.55107073636115,146.6880128887565,0.3,0.5,0.2,10.0,0.78,False,62.13694215239535,near,False,13.051070736361154
1984,Probabilistic Climatology,132.1,near,120.76666666666667,142.03333333333333,129.83333333333331,128.4,83.33,166.12000000000003,0.3333333333333333,0.3333333333333333,0.3333333333333333,,0.6666666666666667,True,82.79000000000003,below,False,0.0
1984,ElasticNet + NAO Residual,132.1,near,120.76666666666667,142.03333333333333,128.65151515151516,122.09230047781114,66.36864677656797,142.14399580441267,0.5,0.4,0.1,10.0,0.62,True,75.7753490278447,below,False,0.0
1985,Probabilistic Climatology,145.8,above,120.76666666666667,142.03333333333333,130.07999999999998,129.85,83.33,166.12000000000003,0.3333333333333333,0.3333333333333333,0.3333333333333333,,0.6666666666666667,True,82.79000000000003,below,False,0.0
1985,ElasticNet + NAO Residual,145.8,above,120.76666666666667,142.03333333333333,129.5964729205703,119.85184720907128,64.59841749533695,142.74803020681992,0.5,0.4,0.1,10.0,1.2200000000000002,False,78.14961271148297,below,False,3.051969793180092
1986,Probabilistic Climatology,91.8,below,123.16666666666667,144.0,131.29666666666668,131.35,83.33,166.12000000000003,0.3333333333333333,0.3333333333333333,0.3333333333333333,,0.6666666666666667,True,82.79000000000003,below,True,0.0
1986,ElasticNet + NAO Residual,91.8,below,123.16666666666667,144.0,129.7817488071034,116.42533482337673,63.54166810520786,141.39147175240228,0.7,0.2,0.1,10.0,0.14000000000000004,True,77.84980364719442,below,True,0.0
1987,Probabilistic Climatology,115.20000000000002,below,120.76666666666667,142.03333333333333,129.02333333333334,129.85,83.33,166.12000000000003,0.3333333333333333,0.3333333333333333,0.3333333333333333,,0.6666666666666667,True,82.79000000000003,below,True,0.0
1987,ElasticNet + NAO Residual,115.20000000000002,below,120.76666666666667,142.03333333333333,128.20000000000002,118.56865642580823,65.58661625221758,136.44158423982108,0.5,0.5,0.0,10.0,0.5,True,70.8549679876035,below,True,0.0
1988,Probabilistic Climatology,78.4,below,120.06666666666666,142.03333333333333,128.95333333333332,129.85,83.33,166.12000000000003,0.3333333333333333,0.3333333333333333,0.3333333333333333,,0.6666666666666667,False,82.79000000000003,below,True,4.929999999999993
1988,ElasticNet + NAO Residual,78.4,below,120.06666666666666,142.03333333333333,127.19389676492666,117.8411967426709,65.52706273417141,136.10140049672384,0.5,0.5,0.0,10.0,0.5,True,70.57433776255243,below,True,0.0
1989,Probabilistic Climatology,72.19999999999999,below,120.06666666666666,142.03333333333333,128.36333333333334,129.85,81.58999999999999,166.12000000000003,0.3333333333333333,0.3333333333333333,0.3333333333333333,,0.6666666666666667,False,84.53000000000004,below,True,9.39
1989,ElasticNet + NAO Residual,72.19999999999999,below,120.06666666666666,142.03333333333333,127.59962285382647,92.57472992081578,62.255515285487384,123.52341012529608,0.7,0.3,0.0,10.0,0.18000000000000002,True,61.2678948398087,below,True,0.0
1990,Probabilistic Climatology,81.4,below,113.73333333333335,137.1,125.88666666666668,128.4,79.57000000000001,166.12000000000003,0.3333333333333333,0.3333333333333333,0.3333333333333333,,0.6666666666666667,True,86.55000000000003,below,True,0.0
1990,ElasticNet + NAO Residual,81.4,below,113.73333333333335,137.1,126.72815006926211,73.24393673571575,48.48204950407739,117.18272698796193,0.8,0.2,0.0,10.0,0.07999999999999999,True,68.70067748388453,below,True,0.0
1991,Probabilistic Climatology,88.8,below,110.53333333333336,133.03333333333333,123.88333333333334,126.19999999999999,79.57000000000001,166.12000000000003,0.3333333333333333,0.3333333333333333,0.3333333333333333,,0.6666666666666667,True,86.55000000000003,below,True,0.0
1991,ElasticNet + NAO Residual,88.8,below,110.53333333333336,133.03333333333333,122.1614739150238,71.10536922121884,47.21963448405223,116.43984682548181,0.8,0.2,0.0,10.0,0.07999999999999999,True,69.22021234142957,below,True,0.0
1992,Probabilistic Climatology,96.0,below,107.16666666666666,133.03333333333333,122.72666666666667,126.19999999999999,79.57000000000001,166.12000000000003,0.3333333333333333,0.3333333333333333,0.3333333333333333,,0.6666666666666667,True,86.55000000000003,below,True,0.0
1992,ElasticNet + NAO Residual,96.0,below,107.16666666666666,133.03333333333333,122.49588623470838,74.24318000623163,58.708752583948346,123.29680270128306,0.7,0.3,0.0,10.0,0.18000000000000002,True,64.58805011733472,below,True,0.0
1996,Probabilistic Climatology,145.20000000000002,above,94.6,132.03333333333333,121.00666666666667,123.54999999999998,79.57000000000001,166.12000000000003,0.3333333333333333,0.3333333333333333,0.3333333333333333,,0.6666666666666667,True,86.55000000000003,below,False,0.0
1996,ElasticNet + NAO Residual,145.20000000000002,above,94.6,132.03333333333333,120.1295511752542,71.99385495908089,57.00412079411685,117.1568812865443,0.7,0.3,0.0,10.0,1.58,False,60.152760492427454,below,False,28.043118713455712
1997,Probabilistic Climatology,144.4,above,94.6,132.03333333333333,120.56666666666666,123.54999999999998,79.57000000000001,166.12000000000003,0.3333333333333333,0.3333333333333333,0.3333333333333333,,0.6666666666666667,True,86.55000000000003,below,False,0.0
1997,ElasticNet + NAO Residual,144.4,above,94.6,132.03333333333333,123.07906976744185,79.25188704014688,60.210224711998436,127.35489183383406,0.6363636363636364,0.2727272727272727,0.09090909090909091,11.0,1.305785123966942,False,67.14466712183562,below,False,17.045108166165946
1998,Probabilistic Climatology,87.6,below,94.6,132.03333333333333,119.02666666666667,123.54999999999998,79.57000000000001,163.52,0.3333333333333333,0.3333333333333333,0.3333333333333333,,0.6666666666666667,True,83.95,below,True,0.0
1998,ElasticNet + NAO Residual,87.6,below,94.6,132.03333333333333,120.63551887732628,87.98400372581112,70.38400372581113,137.18400372581112,0.5454545454545454,0.18181818181818182,0.2727272727272727,11.0,0.3140495867768595,True,66.8,below,True,0.0
1999,Probabilistic Climatology,116.1,near,90.8,131.16666666666666,117.54666666666668,118.85000000000001,79.57000000000001,163.52,0.3333333333333333,0.3333333333333333,0.3333333333333333,,0.6666666666666667,True,83.95,below,False,0.0
1999,ElasticNet + NAO Residual,116.1,near,90.8,131.16666666666666,122.76444444444444,85.26654130901002,73.21588020576257,139.99301038315113,0.6363636363636364,0.09090909090909091,0.2727272727272727,11.0,1.305785123966942,True,66.77713017738856,below,False,0.0
2000,Probabilistic Climatology,81.29999999999998,below,90.8,129.56666666666666,115.89999999999999,115.65,79.57000000000001,155.20000000000002,0.3333333333333333,0.3333333333333333,0.3333333333333333,,0.6666666666666667,True,75.63000000000001,below,True,0.0
2000,ElasticNet + NAO Residual,81.29999999999998,below,90.8,129.56666666666666,122.32174196598557,86.74239885046518,72.95328810804153,139.44780401876457,0.5833333333333334,0.16666666666666666,0.25,12.0,0.26388888888888884,True,66.49451591072304,below,True,0.0
2001,Probabilistic Climatology,138.00000000000003,above,88.8,129.56666666666666,114.91666666666667,115.65,79.57000000000001,155.20000000000002,0.36666666666666664,0.3,0.3333333333333333,,0.668888888888889,True,75.63000000000001,below,False,0.0
2001,ElasticNet + NAO Residual,138.00000000000003,above,88.8,129.56666666666666,118.62240579481525,79.32795725760053,68.853473720449,132.7082909708275,0.6666666666666666,0.16666666666666666,0.16666666666666666,12.0,1.1666666666666667,False,63.8548172503785,below,False,5.291709029172523
2002,Probabilistic Climatology,76.0,below,90.8,131.16666666666666,116.73333333333332,119.3,79.57000000000001,155.20000000000002,0.3333333333333333,0.3333333333333333,0.3333333333333333,,0.6666666666666667,False,75.63000000000001,below,True,3.5700000000000074
2002,ElasticNet + NAO Residual,76.0,below,90.8,131.16666666666666,122.07916666666667,86.27916666666664,72.56916666666665,137.63916666666665,0.5833333333333334,0.16666666666666666,0.25,12.0,0.26388888888888884,True,65.07000000000001,below,True,0.0
2003,Probabilistic Climatology,150.7,above,88.8,129.56666666666666,114.12333333333335,115.65,78.16000000000001,147.55000000000004,0.36666666666666664,0.3,0.3333333333333333,,0.668888888888889,False,69.39000000000003,below,False,3.149999999999949
2003,ElasticNet + NAO Residual,150.7,above,88.8,129.56666666666666,119.43336173256041,79.11202279241655,68.5547406519601,136.61235225552784,0.6666666666666666,0.16666666666666666,0.16666666666666666,12.0,1.1666666666666667,False,68.05761160356774,below,False,14.08764774447215
2004,Probabilistic Climatology,120.79999999999998,near,88.8,129.56666666666666,113.42333333333333,115.65,78.16000000000001,146.29000000000002,0.36666666666666664,0.3,0.3333333333333333,,0.7355555555555555,True,68.13000000000001,below,False,0.0
2004,ElasticNet + NAO Residual,120.79999999999998,near,88.8,129.56666666666666,121.61809413679487,87.31970425609293,72.15232451954077,142.4512891173616,0.5,0.16666666666666666,0.3333333333333333,12.0,1.0555555555555556,True,70.29896459782083,below,False,0.0
2005,Probabilistic Climatology,148.1,above,88.8,128.2,111.15333333333334,115.65,78.16000000000001,145.26000000000002,0.36666666666666664,0.3,0.3333333333333333,,0.668888888888889,False,67.10000000000001,below,False,2.839999999999975
2005,ElasticNet + NAO Residual,148.1,above,88.8,128.2,120.33538785869578,89.31586702525986,71.24970239579795,140.95053107890948,0.46153846153846156,0.23076923076923078,0.3076923076923077,13.0,0.7455621301775148,False,69.70082868311152,below,False,7.1494689210905165
2006,Probabilistic Climatology,85.0,below,88.8,129.56666666666666,112.42333333333335,118.44999999999999,78.16000000000001,146.03,0.36666666666666664,0.3,0.3333333333333333,,0.6022222222222222,True,67.86999999999999,below,True,0.0
2006,ElasticNet + NAO Residual,85.0,below,88.8,129.56666666666666,122.11961359874061,116.06683430706612,78.69606941835694,146.44881009831295,0.38461538461538464,0.23076923076923078,0.38461538461538464,13.0,0.5798816568047338,True,67.752740679956,below,True,0.0
2007,Probabilistic Climatology,60.3,below,88.39999999999999,129.56666666666666,110.99666666666667,115.65,78.16000000000001,146.03,0.3333333333333333,0.3333333333333333,0.3333333333333333,,0.6666666666666667,False,67.86999999999999,below,True,17.860000000000014
2007,ElasticNet + NAO Residual,60.3,below,88.39999999999999,129.56666666666666,121.51698113207549,114.8185413748209,82.52556172805691,147.193699079037,0.38461538461538464,0.23076923076923078,0.38461538461538464,13.0,0.5798816568047338,False,64.66813735098009,below,True,22.225561728056917
2008,Probabilistic Climatology,193.99999999999997,above,86.73333333333333,129.56666666666666,108.85333333333332,105.60000000000001,75.62,146.03,0.3333333333333333,0.3333333333333333,0.3333333333333333,,0.6666666666666667,False,70.41,below,False,47.96999999999997
2008,ElasticNet + NAO Residual,193.99999999999997,above,86.73333333333333,129.56666666666666,119.52781353307093,102.8165354719812,76.41414478202664,145.12958883724457,0.42857142857142855,0.21428571428571427,0.35714285714285715,14.0,0.6428571428571428,False,68.71544405521793,below,False,48.8704111627554
2009,Probabilistic Climatology,152.7,above,86.73333333333333,129.56666666666666,109.87666666666668,105.60000000000001,75.62,146.03,0.3333333333333333,0.3333333333333333,0.3333333333333333,,0.6666666666666667,False,70.41,below,False,6.6699999999999875
2009,ElasticNet + NAO Residual,152.7,above,86.73333333333333,129.56666666666666,121.90282441360954,118.30263445598396,77.61277781314129,149.75823466375206,0.2857142857142857,0.2857142857142857,0.42857142857142855,14.0,0.4897959183673469,False,72.14545685061077,above,True,2.9417653362479257
2010,Probabilistic Climatology,52.4,below,86.73333333333333,131.16666666666666,110.88333333333335,105.60000000000001,75.62,148.35999999999999,0.3333333333333333,0.3333333333333333,0.3333333333333333,,0.6666666666666667,False,72.73999999999998,below,True,23.220000000000006
2010,ElasticNet + NAO Residual,52.4,below,86.73333333333333,131.16666666666666,122.27499999999999,132.18824039826922,80.26946028582677,155.35302815143228,0.21428571428571427,0.2857142857142857,0.5,14.0,0.9489795918367346,False,75.08356786560552,above,False,27.86946028582677
2011,Probabilistic Climatology,128.79999999999998,near,83.93333333333332,129.56666666666666,107.86,93.9,72.13,148.35999999999999,0.3333333333333333,0.3333333333333333,0.3333333333333333,,0.6666666666666667,True,76.22999999999999,below,False,0.0
2011,ElasticNet + NAO Residual,128.79999999999998,near,83.93333333333332,129.56666666666666,120.41727240120271,115.78820263376085,62.348202633760856,149.43820263376085,0.35714285714285715,0.21428571428571427,0.42857142857142855,14.0,0.9285714285714285,True,87.09,above,False,0.0
2012,Probabilistic Climatology,42.8,below,83.93333333333332,128.86666666666665,107.79666666666667,93.9,72.13,148.35999999999999,0.3333333333333333,0.3333333333333333,0.3333333333333333,,0.6666666666666667,False,76.22999999999999,below,True,29.33
2012,ElasticNet + NAO Residual,42.8,below,83.93333333333332,128.86666666666665,119.27254894540745,116.35423935555187,64.35015880318448,150.81081465199023,0.35714285714285715,0.2857142857142857,0.35714285714285715,14.0,0.6224489795918366,False,86.46065584880574,below,True,21.550158803184488
2013,Probabilistic Climatology,106.7,near,83.93333333333332,128.86666666666665,106.56666666666668,93.9,70.38000000000001,148.35999999999999,0.3333333333333333,0.3333333333333333,0.3333333333333333,,0.6666666666666667,True,77.97999999999998,below,False,0.0
2013,ElasticNet + NAO Residual,106.7,near,83.93333333333332,128.86666666666665,115.22266841493943,108.91612931922336,50.922718230865044,146.53790731361087,0.4666666666666667,0.2,0.3333333333333333,15.0,0.9688888888888891,True,95.61518908274583,below,False,0.0
2015,Probabilistic Climatology,99.3,near,86.73333333333333,129.89999999999998,107.71000000000001,101.35,70.38000000000001,148.35999999999999,0.3333333333333333,0.3333333333333333,0.3333333333333333,,0.6666666666666667,True,77.97999999999998,below,False,0.0
2015,ElasticNet + NAO Residual,99.3,near,86.73333333333333,129.89999999999998,109.79425924060034,103.1298147961559,42.5898147961559,138.92981479615588,0.4,0.3333333333333333,0.26666666666666666,15.0,0.6755555555555557,True,96.33999999999997,below,False,0.0
2016,Probabilistic Climatology,65.9,below,88.39999999999999,129.89999999999998,108.63666666666668,103.0,71.00999999999999,148.35999999999999,0.3333333333333333,0.3333333333333333,0.3333333333333333,,0.6666666666666667,False,77.35,below,True,5.109999999999985
2016,ElasticNet + NAO Residual,65.9,below,88.39999999999999,129.89999999999998,108.61399291870077,93.13980547163868,41.95213401167879,138.26716324693788,0.4666666666666667,0.26666666666666666,0.26666666666666666,15.0,0.4266666666666667,True,96.31502923525909,below,True,0.0
2017,Probabilistic Climatology,85.19999999999999,below,86.73333333333333,123.46666666666664,106.43000000000002,97.65,65.34,148.35999999999999,0.3333333333333333,0.3333333333333333,0.3333333333333333,,0.6666666666666667,True,83.01999999999998,below,True,0.0
2017,ElasticNet + NAO Residual,85.19999999999999,below,86.73333333333333,123.46666666666664,114.21360999964482,103.69356714878826,52.062740118402715,148.1456402453436,0.4,0.2,0.4,15.0,0.56,True,96.08290012694088,below,True,0.0
2018,Probabilistic Climatology,109.70000000000002,near,85.13333333333333,117.66666666666666,104.41000000000001,93.9,65.34,148.35999999999999,0.3333333333333333,0.3333333333333333,0.3333333333333333,,0.6666666666666667,True,83.01999999999998,below,False,0.0
2018,ElasticNet + NAO Residual,109.70000000000002,near,85.13333333333333,117.66666666666666,112.21495320952918,89.43578654286252,45.695786542862514,142.0357865428625,0.4666666666666667,0.2,0.3333333333333333,15.0,0.9688888888888891,True,96.33999999999997,below,False,0.0
2019,Probabilistic Climatology,138.5,above,85.13333333333333,117.66666666666666,105.00666666666666,97.65,65.34,148.35999999999999,0.3333333333333333,0.3333333333333333,0.3333333333333333,,0.6666666666666667,True,83.01999999999998,below,False,0.0
2019,ElasticNet + NAO Residual,138.5,above,85.13333333333333,117.66666666666666,116.7591515168465,104.64433364146255,53.24454522144843,149.4484655728696,0.4,0.2,0.4,15.0,0.56,True,96.20392035142116,below,False,0.0
2020,Probabilistic Climatology,142.40000000000003,above,85.13333333333333,123.46666666666664,105.78333333333333,97.65,65.34,148.35999999999999,0.3333333333333333,0.3333333333333333,0.3333333333333333,,0.6666666666666667,True,83.01999999999998,below,False,0.0
2020,ElasticNet + NAO Residual,142.40000000000003,above,85.13333333333333,123.46666666666664,103.85093726173145,88.96878719234724,37.812013294222254,133.10642199484727,0.4666666666666667,0.3333333333333333,0.2,15.0,0.968888888888889,False,95.29440870062501,below,False,9.293578005152767
2023,Probabilistic Climatology,137.1,near,88.39999999999999,138.13333333333335,111.24333333333333,108.20000000000002,65.34,150.89999999999998,0.3333333333333333,0.3333333333333333,0.3333333333333333,,0.6666666666666667,True,85.55999999999997,below,False,0.0
2023,ElasticNet + NAO Residual,137.1,near,88.39999999999999,138.13333333333335,118.83422936236951,105.5855920227179,54.24254800021971,149.47486665938698,0.4,0.3333333333333333,0.26666666666666666,15.0,0.6755555555555557,True,95.23231865916726,below,False,0.0
2024,Probabilistic Climatology,67.0,below,88.8,138.13333333333335,113.09999999999998,112.9,65.34,150.89999999999998,0.36666666666666664,0.3,0.3333333333333333,,0.6022222222222222,True,85.55999999999997,below,True,0.0
2024,ElasticNet + NAO Residual,67.0,below,88.8,138.13333333333335,110.43446648597276,95.15040019332426,43.90226774936783,136.93938621187684,0.4666666666666667,0.4,0.13333333333333333,15.0,0.46222222222222226,True,93.037118462509,below,True,0.0
2025,Probabilistic Climatology,135.6,near,88.39999999999999,138.13333333333335,112.37333333333332,112.9,65.34,150.89999999999998,0.3333333333333333,0.3333333333333333,0.3333333333333333,,0.6666666666666667,True,85.55999999999997,below,False,0.0
2025,ElasticNet + NAO Residual,135.6,near,88.39999999999999,138.13333333333335,112.30511352187806,97.48813238980257,46.348132389802565,139.36813238980258,0.4,0.4666666666666667,0.13333333333333333,15.0,0.46222222222222226,True,93.02000000000001,near,True,0.0
2026,Probabilistic Climatology,190.6,above,88.39999999999999,138.13333333333335,113.69333333333333,118.44999999999999,65.34,150.89999999999998,0.3333333333333333,0.3333333333333333,0.3333333333333333,,0.6666666666666667,False,85.55999999999997,below,False,39.70000000000002
2026,ElasticNet + NAO Residual,190.6,above,88.39999999999999,138.13333333333335,116.40785531399446,107.88930684262742,56.36019947822382,147.5458174514296,0.3333333333333333,0.4666666666666667,0.2,15.0,0.968888888888889,False,91.18561797320578,near,False,43.054182548570395
