season_year,model,actual_cm,predicted_cm,error_cm,abs_error_cm
1971,Historical Climatology,171.7,130.04500000000002,-41.65499999999997,41.65499999999997
1971,ElasticNet + NAO,171.7,129.6322761553776,-42.06772384462238,42.06772384462238
1972,Historical Climatology,188.9,132.0285714285714,-56.871428571428595,56.871428571428595
1972,ElasticNet + NAO,188.9,133.8496302595096,-55.050369740490396,55.050369740490396
1973,Historical Climatology,110.0,134.61363636363637,24.613636363636374,24.613636363636374
1973,ElasticNet + NAO,110.0,136.96809391227194,26.96809391227194,26.96809391227194
1974,Historical Climatology,127.8,133.54347826086956,5.743478260869566,5.743478260869566
1974,ElasticNet + NAO,127.8,129.398952226163,1.5989522261630071,1.5989522261630071
1975,Historical Climatology,124.59999999999998,133.30416666666667,8.704166666666694,8.704166666666694
1975,ElasticNet + NAO,124.59999999999998,132.826373466699,8.22637346669903,8.22637346669903
1976,Historical Climatology,163.3,132.95600000000002,-30.343999999999994,30.343999999999994
1976,ElasticNet + NAO,163.3,143.11065454180064,-20.18934545819937,20.18934545819937
1977,Historical Climatology,122.5,134.12307692307692,11.623076923076923,11.623076923076923
1977,ElasticNet + NAO,122.5,135.20075739624917,12.700757396249173,12.700757396249173
1978,Historical Climatology,143.1,133.6925925925926,-9.40740740740739,9.40740740740739
1978,ElasticNet + NAO,143.1,132.44837066948233,-10.651629330517665,10.651629330517665
1979,Historical Climatology,130.7,134.02857142857144,3.3285714285714505,3.3285714285714505
1979,ElasticNet + NAO,130.7,132.33891989031022,1.638919890310234,1.638919890310234
1980,Historical Climatology,79.7,133.91379310344828,54.21379310344828,54.21379310344828
1980,ElasticNet + NAO,79.7,145.81501129292587,66.11501129292587,66.11501129292587
1981,Historical Climatology,81.79999999999998,132.10666666666665,50.30666666666667,50.30666666666667
1981,ElasticNet + NAO,81.79999999999998,132.77733747544062,50.977337475440635,50.977337475440635
1982,Historical Climatology,129.0,130.48387096774192,1.4838709677419217,1.4838709677419217
1982,ElasticNet + NAO,129.0,129.1055743607032,0.10557436070320136,0.10557436070320136
1983,Historical Climatology,71.5,130.4375,58.9375,58.9375
1983,ElasticNet + NAO,71.5,136.9346983123828,65.4346983123828,65.4346983123828
1984,Historical Climatology,132.1,128.65151515151516,-3.4484848484848385,3.4484848484848385
1984,ElasticNet + NAO,132.1,128.65151515151516,-3.4484848484848385,3.4484848484848385
1985,Historical Climatology,145.8,128.75294117647059,-17.047058823529426,17.047058823529426
1985,ElasticNet + NAO,145.8,129.5964729205703,-16.203527079429705,16.203527079429705
1986,Historical Climatology,91.8,129.24,37.44000000000001,37.44000000000001
1986,ElasticNet + NAO,91.8,129.7817488071034,37.981748807103415,37.981748807103415
1987,Historical Climatology,115.20000000000002,128.20000000000002,13.0,13.0
1987,ElasticNet + NAO,115.20000000000002,128.20000000000002,13.0,13.0
1988,Historical Climatology,78.4,127.84864864864866,49.44864864864866,49.44864864864866
1988,ElasticNet + NAO,78.4,127.19389676492666,48.79389676492666,48.79389676492666
1989,Historical Climatology,72.19999999999999,126.54736842105264,54.34736842105265,54.34736842105265
1989,ElasticNet + NAO,72.19999999999999,127.59962285382647,55.399622853826486,55.399622853826486
1990,Historical Climatology,81.4,125.15384615384616,43.753846153846155,43.753846153846155
1990,ElasticNet + NAO,81.4,126.72815006926211,45.32815006926211,45.32815006926211
1991,Historical Climatology,88.8,124.05999999999999,35.25999999999999,35.25999999999999
1991,ElasticNet + NAO,88.8,122.1614739150238,33.36147391502381,33.36147391502381
1992,Historical Climatology,96.0,123.19999999999999,27.19999999999999,27.19999999999999
1992,ElasticNet + NAO,96.0,122.49588623470838,26.49588623470838,26.49588623470838
1996,Historical Climatology,145.20000000000002,122.55238095238094,-22.647619047619074,22.647619047619074
1996,ElasticNet + NAO,145.20000000000002,120.1295511752542,-25.07044882474581,25.07044882474581
1997,Historical Climatology,144.4,123.07906976744185,-21.320930232558155,21.320930232558155
1997,ElasticNet + NAO,144.4,123.07906976744185,-21.320930232558155,21.320930232558155
1998,Historical Climatology,87.6,123.56363636363635,35.963636363636354,35.963636363636354
1998,ElasticNet + NAO,87.6,120.63551887732628,33.03551887732628,33.03551887732628
1999,Historical Climatology,116.1,122.76444444444444,6.664444444444442,6.664444444444442
1999,ElasticNet + NAO,116.1,122.76444444444444,6.664444444444442,6.664444444444442
2000,Historical Climatology,81.29999999999998,122.6195652173913,41.319565217391315,41.319565217391315
2000,ElasticNet + NAO,81.29999999999998,122.32174196598557,41.02174196598558,41.02174196598558
2001,Historical Climatology,138.00000000000003,121.7404255319149,-16.259574468085134,16.259574468085134
2001,ElasticNet + NAO,138.00000000000003,118.62240579481525,-19.377594205184778,19.377594205184778
2002,Historical Climatology,76.0,122.07916666666667,46.079166666666666,46.079166666666666
2002,ElasticNet + NAO,76.0,122.07916666666667,46.079166666666666,46.079166666666666
2003,Historical Climatology,150.7,121.13877551020408,-29.561224489795904,29.561224489795904
2003,ElasticNet + NAO,150.7,119.43336173256041,-31.266638267439575,31.266638267439575
2004,Historical Climatology,120.79999999999998,121.73,0.930000000000021,0.930000000000021
2004,ElasticNet + NAO,120.79999999999998,121.61809413679487,0.8180941367948833,0.8180941367948833
2005,Historical Climatology,148.1,121.71176470588236,-26.388235294117635,26.388235294117635
2005,ElasticNet + NAO,148.1,120.33538785869578,-27.764612141304212,27.764612141304212
2006,Historical Climatology,85.0,122.21923076923078,37.219230769230776,37.219230769230776
2006,ElasticNet + NAO,85.0,122.11961359874061,37.119613598740614,37.119613598740614
2007,Historical Climatology,60.3,121.51698113207549,61.21698113207549,61.21698113207549
2007,ElasticNet + NAO,60.3,121.51698113207549,61.21698113207549,61.21698113207549
2008,Historical Climatology,193.99999999999997,120.38333333333334,-73.61666666666663,73.61666666666663
2008,ElasticNet + NAO,193.99999999999997,119.52781353307093,-74.47218646692905,74.47218646692905
2009,Historical Climatology,152.7,121.7218181818182,-30.978181818181795,30.978181818181795
2009,ElasticNet + NAO,152.7,121.90282441360954,-30.797175586390452,30.797175586390452
2010,Historical Climatology,52.4,122.27499999999999,69.875,69.875
2010,ElasticNet + NAO,52.4,122.27499999999999,69.875,69.875
2011,Historical Climatology,128.79999999999998,121.04912280701753,-7.750877192982458,7.750877192982458
2011,ElasticNet + NAO,128.79999999999998,120.41727240120271,-8.382727598797274,8.382727598797274
2012,Historical Climatology,42.8,121.18275862068964,78.38275862068964,78.38275862068964
2012,ElasticNet + NAO,42.8,119.27254894540745,76.47254894540745,76.47254894540745
2013,Historical Climatology,106.7,119.8542372881356,13.15423728813559,13.15423728813559
2013,ElasticNet + NAO,106.7,115.22266841493943,8.522668414939432,8.522668414939432
2015,Historical Climatology,99.3,119.63499999999999,20.334999999999994,20.334999999999994
2015,ElasticNet + NAO,99.3,109.79425924060034,10.494259240600343,10.494259240600343
2016,Historical Climatology,65.9,119.30163934426228,53.40163934426228,53.40163934426228
2016,ElasticNet + NAO,65.9,108.61399291870077,42.71399291870077,42.71399291870077
2017,Historical Climatology,85.19999999999999,118.44032258064514,33.240322580645156,33.240322580645156
2017,ElasticNet + NAO,85.19999999999999,114.21360999964482,29.013609999644828,29.013609999644828
2018,Historical Climatology,109.70000000000002,117.9126984126984,8.212698412698387,8.212698412698387
2018,ElasticNet + NAO,109.70000000000002,112.21495320952918,2.5149532095291676,2.5149532095291676
2019,Historical Climatology,138.5,117.784375,-20.715625000000003,20.715625000000003
2019,ElasticNet + NAO,138.5,116.7591515168465,-21.7408484831535,21.7408484831535
2020,Historical Climatology,142.40000000000003,118.10307692307693,-24.296923076923107,24.296923076923107
2020,ElasticNet + NAO,142.40000000000003,103.85093726173145,-38.54906273826859,38.54906273826859
2023,Historical Climatology,137.1,118.47121212121212,-18.628787878787875,18.628787878787875
2023,ElasticNet + NAO,137.1,118.83422936236951,-18.26577063763048,18.26577063763048
2024,Historical Climatology,67.0,118.74925373134329,51.74925373134329,51.74925373134329
2024,ElasticNet + NAO,67.0,110.43446648597276,43.43446648597276,43.43446648597276
2025,Historical Climatology,135.6,117.98823529411764,-17.61176470588235,17.61176470588235
2025,ElasticNet + NAO,135.6,112.30511352187806,-23.29488647812194,23.29488647812194
2026,Historical Climatology,190.6,118.24347826086957,-72.35652173913043,72.35652173913043
2026,ElasticNet + NAO,190.6,116.40785531399446,-74.19214468600553,74.19214468600553
