season_year,snowfall_cm,valid_days,expected_days,coverage_pct,usable
1955,126.4,365,365,100.0,True
1956,174.2,366,366,100.0,True
1957,133.0,365,365,100.0,True
1958,80.19999999999999,365,365,100.0,True
1959,166.5,365,365,100.0,True
1960,211.3,366,366,100.0,True
1961,130.9,365,365,100.0,True
1962,116.0,365,365,100.0,True
1963,99.6,365,365,100.0,True
1964,142.8,366,366,100.0,True
1965,182.10000000000002,365,365,100.0,True
1966,144.4,365,365,100.0,True
1967,172.6,365,365,100.0,True
1968,117.29999999999998,366,366,100.0,True
1969,97.4,365,365,100.0,True
1970,114.6,365,365,100.0,True
1971,188.3,365,365,100.0,True
1972,180.1,366,366,100.0,True
1973,115.0,365,365,100.0,True
1974,135.20000000000002,365,365,100.0,True
1975,122.5,365,365,100.0,True
1976,170.9,366,366,100.0,True
1977,145.60000000000002,365,365,100.0,True
1978,177.3,365,365,100.0,True
1979,148.0,365,365,100.0,True
1980,121.1,366,366,100.0,True
1981,94.30000000000001,365,365,100.0,True
1982,158.9,365,365,100.0,True
1983,73.0,365,365,100.0,True
1984,167.0,366,366,100.0,True
1985,152.99999999999997,365,365,100.0,True
1986,115.00000000000001,365,365,100.0,True
1987,146.7,365,365,100.0,True
1988,92.4,366,366,100.0,True
1989,87.2,365,365,100.0,True
1990,126.4,365,365,100.0,True
1991,104.2,365,365,100.0,True
1992,96.39999999999999,366,366,100.0,True
1993,162.99999999999997,365,365,100.0,True
1994,152.4,365,365,100.0,True
1995,75.4,365,365,100.0,True
1996,142.79999999999998,366,366,100.0,True
1997,174.39999999999998,365,365,100.0,True
1998,115.6,365,365,100.0,True
1999,162.20000000000002,365,365,100.0,True
2000,82.8,366,366,100.0,True
2001,165.60000000000002,365,365,100.0,True
2002,71.39999999999999,365,365,100.0,True
2003,162.5,365,365,100.0,True
2004,,213,366,58.19672131147541,False
2005,,212,365,58.082191780821915,False
2006,,212,365,58.082191780821915,False
2007,,197,365,53.97260273972603,False
2008,,167,366,45.62841530054645,False
2009,,167,365,45.75342465753425,False
2010,,181,365,49.589041095890416,False
2011,,158,365,43.28767123287671,False
2012,,137,366,37.43169398907104,False
2013,,165,365,45.20547945205479,False
2014,,167,365,45.75342465753425,False
2015,,167,365,45.75342465753425,False
2016,,168,366,45.90163934426229,False
