season_year,model,actual_cm,predicted_cm,train_n,error_cm,abs_error_cm,squared_error
1971,Historical Climatology,171.7,130.04500000000002,20,-41.65499999999997,41.65499999999997,1735.1390249999977
1971,Rolling 10-Season Mean,171.7,135.5,20,-36.19999999999999,36.19999999999999,1310.4399999999991
1971,Linear Regression,171.7,114.64487285877475,20,-57.05512714122524,57.05512714122524,3255.2875331013774
1971,ElasticNet,171.7,129.6622056354686,20,-42.03779436453138,42.03779436453138,1767.1761550346262
1972,Historical Climatology,188.9,132.0285714285714,21,-56.871428571428595,56.871428571428595,3234.3593877551048
1972,Rolling 10-Season Mean,188.9,140.32,21,-48.58000000000001,48.58000000000001,2360.0164000000013
1972,Linear Regression,188.9,115.89074952393702,21,-73.00925047606299,73.00925047606299,5330.350655076503
1972,ElasticNet,188.9,132.0285714285714,21,-56.871428571428595,56.871428571428595,3234.3593877551048
1973,Historical Climatology,110.0,134.61363636363637,22,24.613636363636374,24.613636363636374,605.8310950413228
1973,Rolling 10-Season Mean,110.0,145.72000000000003,22,35.72000000000003,35.72000000000003,1275.9184000000018
1973,Linear Regression,110.0,108.62632853458399,22,-1.3736714654160096,1.3736714654160096,1.8869732948981672
1973,ElasticNet,110.0,134.61363636363637,22,24.613636363636374,24.613636363636374,605.8310950413228
1974,Historical Climatology,127.8,133.54347826086956,23,5.743478260869566,5.743478260869566,32.98754253308129
1974,Rolling 10-Season Mean,127.8,146.57000000000002,23,18.770000000000024,18.770000000000024,352.3129000000009
1974,Linear Regression,127.8,148.22836533567525,23,20.428365335675252,20.428365335675252,417.3181102878183
1974,ElasticNet,127.8,133.54347826086956,23,5.743478260869566,5.743478260869566,32.98754253308129
1975,Historical Climatology,124.59999999999998,133.30416666666667,24,8.704166666666694,8.704166666666694,75.76251736111159
1975,Rolling 10-Season Mean,124.59999999999998,143.51000000000002,24,18.91000000000004,18.91000000000004,357.5881000000015
1975,Linear Regression,124.59999999999998,145.09394703221665,24,20.493947032216667,20.493947032216667,420.00186495930234
1975,ElasticNet,124.59999999999998,133.25751682669923,24,8.65751682669925,8.65751682669925,74.95259760458066
1976,Historical Climatology,163.3,132.95600000000002,25,-30.343999999999994,30.343999999999994,920.7583359999996
1976,Rolling 10-Season Mean,163.3,136.91,25,-26.390000000000015,26.390000000000015,696.4321000000008
1976,Linear Regression,163.3,146.91202626918385,25,-16.387973730816157,16.387973730816157,268.56568300192043
1976,ElasticNet,163.3,133.7468707013296,25,-29.5531292986704,29.5531292986704,873.3874513439307
1977,Historical Climatology,122.5,134.12307692307692,26,11.623076923076923,11.623076923076923,135.0959171597633
1977,Rolling 10-Season Mean,122.5,140.04000000000002,26,17.54000000000002,17.54000000000002,307.6516000000007
1977,Linear Regression,122.5,133.71453304468542,26,11.214533044685425,11.214533044685425,125.76575141034134
1977,ElasticNet,122.5,133.86846738892575,26,11.368467388925751,11.368467388925751,129.24205077306829
1978,Historical Climatology,143.1,133.6925925925926,27,-9.40740740740739,9.40740740740739,88.49931412894344
1978,Rolling 10-Season Mean,143.1,135.73999999999998,27,-7.360000000000014,7.360000000000014,54.1696000000002
1978,Linear Regression,143.1,140.63200816852685,27,-2.4679918314731424,2.4679918314731424,6.090983680218156
1978,ElasticNet,143.1,133.6925925925926,27,-9.40740740740739,9.40740740740739,88.49931412894344
1979,Historical Climatology,130.7,134.02857142857144,28,3.3285714285714505,3.3285714285714505,11.079387755102188
1979,Rolling 10-Season Mean,130.7,138.97,28,8.27000000000001,8.27000000000001,68.39290000000017
1979,Linear Regression,130.7,144.56405022786376,28,13.864050227863771,13.864050227863771,192.2118887207295
1979,ElasticNet,130.7,134.02857142857144,28,3.3285714285714505,3.3285714285714505,11.079387755102188
1980,Historical Climatology,79.7,133.91379310344828,29,54.21379310344828,54.21379310344828,2939.1353626634964
1980,Rolling 10-Season Mean,79.7,143.69,29,63.989999999999995,63.989999999999995,4094.7200999999995
1980,Linear Regression,79.7,156.0115371661841,29,76.3115371661841,76.3115371661841,5823.450704665896
1980,ElasticNet,79.7,133.91379310344828,29,54.21379310344828,54.21379310344828,2939.1353626634964
1981,Historical Climatology,81.79999999999998,132.10666666666665,30,50.30666666666667,50.30666666666667,2530.7607111111115
1981,Rolling 10-Season Mean,81.79999999999998,136.23000000000002,30,54.430000000000035,54.430000000000035,2962.624900000004
1981,Linear Regression,81.79999999999998,149.92123769937692,30,68.12123769937693,68.12123769937693,4640.503025695013
1981,ElasticNet,81.79999999999998,133.44744868392664,30,51.647448683926655,51.647448683926655,2667.4589555588373
1982,Historical Climatology,129.0,130.48387096774192,31,1.4838709677419217,1.4838709677419217,2.2018730489073475
1982,Rolling 10-Season Mean,129.0,127.23999999999998,31,-1.7600000000000193,1.7600000000000193,3.097600000000068
1982,Linear Regression,129.0,130.10184896721395,31,1.1018489672139538,1.1018489672139538,1.2140711465504566
1982,ElasticNet,129.0,130.48387096774192,31,1.4838709677419217,1.4838709677419217,2.2018730489073475
1983,Historical Climatology,71.5,130.4375,32,58.9375,58.9375,3473.62890625
1983,Rolling 10-Season Mean,71.5,121.25,32,49.75,49.75,2475.0625
1983,Linear Regression,71.5,152.7705174247904,32,81.2705174247904,81.2705174247904,6604.89700249316
1983,ElasticNet,71.5,130.4375,32,58.9375,58.9375,3473.62890625
1984,Historical Climatology,132.1,128.65151515151516,33,-3.4484848484848385,3.4484848484848385,11.8920477502295
1984,Rolling 10-Season Mean,132.1,117.4,33,-14.699999999999989,14.699999999999989,216.08999999999966
1984,Linear Regression,132.1,144.60279956187793,33,12.502799561877936,12.502799561877936,156.3199968844951
1984,ElasticNet,132.1,128.65151515151516,33,-3.4484848484848385,3.4484848484848385,11.8920477502295
1985,Historical Climatology,145.8,128.75294117647059,34,-17.047058823529426,17.047058823529426,290.60221453287244
1985,Rolling 10-Season Mean,145.8,117.82999999999997,34,-27.97000000000004,27.97000000000004,782.3209000000023
1985,Linear Regression,145.8,144.41540011854815,34,-1.3845998814518623,1.3845998814518623,1.917116831716511
1985,ElasticNet,145.8,128.75294117647059,34,-17.047058823529426,17.047058823529426,290.60221453287244
1986,Historical Climatology,91.8,129.24,35,37.44000000000001,37.44000000000001,1401.753600000001
1986,Rolling 10-Season Mean,91.8,119.94999999999997,35,28.149999999999977,28.149999999999977,792.4224999999988
1986,Linear Regression,91.8,149.31503684583242,35,57.51503684583243,57.51503684583243,3307.979463377462
1986,ElasticNet,91.8,129.37471834296844,35,37.57471834296844,37.57471834296844,1411.8594585534088
1987,Historical Climatology,115.20000000000002,128.20000000000002,36,13.0,13.0,169.0
1987,Rolling 10-Season Mean,115.20000000000002,112.8,36,-2.40000000000002,2.40000000000002,5.760000000000096
1987,Linear Regression,115.20000000000002,112.4982646089442,36,-2.70173539105582,2.70173539105582,7.2993741232835445
1987,ElasticNet,115.20000000000002,128.20000000000002,36,13.0,13.0,169.0
1988,Historical Climatology,78.4,127.84864864864866,37,49.44864864864866,49.44864864864866,2445.1688531775026
1988,Rolling 10-Season Mean,78.4,112.06999999999998,37,33.66999999999997,33.66999999999997,1133.6688999999983
1988,Linear Regression,78.4,115.5626871511943,37,37.16268715119429,37.16268715119429,1381.0653162975411
1988,ElasticNet,78.4,127.84864864864866,37,49.44864864864866,49.44864864864866,2445.1688531775026
1989,Historical Climatology,72.19999999999999,126.54736842105264,38,54.34736842105265,54.34736842105265,2953.636454293631
1989,Rolling 10-Season Mean,72.19999999999999,105.6,38,33.400000000000006,33.400000000000006,1115.5600000000004
1989,Linear Regression,72.19999999999999,148.911330187284,38,76.711330187284,76.711330187284,5884.62817910251
1989,ElasticNet,72.19999999999999,126.54736842105264,38,54.34736842105265,54.34736842105265,2953.636454293631
1990,Historical Climatology,81.4,125.15384615384616,39,43.753846153846155,43.753846153846155,1914.399053254438
1990,Rolling 10-Season Mean,81.4,99.75,39,18.349999999999994,18.349999999999994,336.7224999999998
1990,Linear Regression,81.4,114.50924031877109,39,33.109240318771086,33.109240318771086,1096.2217944861368
1990,ElasticNet,81.4,124.87382035184059,39,43.47382035184059,43.47382035184059,1889.973055984109
1991,Historical Climatology,88.8,124.05999999999999,40,35.25999999999999,35.25999999999999,1243.2675999999994
1991,Rolling 10-Season Mean,88.8,99.91999999999999,40,11.11999999999999,11.11999999999999,123.65439999999978
1991,Linear Regression,88.8,102.9796775586867,40,14.179677558686706,14.179677558686706,201.06325566832336
1991,ElasticNet,88.8,123.98553670246974,40,35.18553670246975,35.18553670246975,1238.0219930408457
1992,Historical Climatology,96.0,123.19999999999999,41,27.19999999999999,27.19999999999999,739.8399999999993
1992,Rolling 10-Season Mean,96.0,100.61999999999999,41,4.61999999999999,4.61999999999999,21.34439999999991
1992,Linear Regression,96.0,100.61237566122797,41,4.612375661227972,4.612375661227972,21.274009240288173
1992,ElasticNet,96.0,123.19999999999999,41,27.19999999999999,27.19999999999999,739.8399999999993
1996,Historical Climatology,145.20000000000002,122.55238095238094,42,-22.647619047619074,22.647619047619074,512.9146485260783
1996,Rolling 10-Season Mean,145.20000000000002,97.32000000000001,42,-47.88000000000001,47.88000000000001,2292.494400000001
1996,Linear Regression,145.20000000000002,101.36613430304985,42,-43.83386569695017,43.83386569695017,1921.4077819382649
1996,ElasticNet,145.20000000000002,122.55238095238094,42,-22.647619047619074,22.647619047619074,512.9146485260783
1997,Historical Climatology,144.4,123.07906976744185,43,-21.320930232558155,21.320930232558155,454.58206598161235
1997,Rolling 10-Season Mean,144.4,104.68999999999998,43,-39.71000000000002,39.71000000000002,1576.8841000000018
1997,Linear Regression,144.4,82.81856885968946,43,-61.58143114031054,61.58143114031054,3792.272661288809
1997,ElasticNet,144.4,119.2396714214545,43,-25.160328578545503,25.160328578545503,633.0421341803735
1998,Historical Climatology,87.6,123.56363636363635,44,35.963636363636354,35.963636363636354,1293.383140495867
1998,Rolling 10-Season Mean,87.6,105.92,44,18.320000000000007,18.320000000000007,335.62240000000025
1998,Linear Regression,87.6,88.00257541031978,44,0.40257541031978405,0.40257541031978405,0.1620669609941425
1998,ElasticNet,87.6,122.44751954189123,44,34.84751954189123,34.84751954189123,1214.3496182224912
1999,Historical Climatology,116.1,122.76444444444444,45,6.664444444444442,6.664444444444442,44.414819753086384
1999,Rolling 10-Season Mean,116.1,100.1,45,-16.0,16.0,256.0
1999,Linear Regression,116.1,123.82911422308572,45,7.72911422308573,7.72911422308573,59.73920667350613
1999,ElasticNet,116.1,122.76444444444444,45,6.664444444444442,6.664444444444442,44.414819753086384
2000,Historical Climatology,81.29999999999998,122.6195652173913,46,41.319565217391315,41.319565217391315,1707.306469754254
2000,Rolling 10-Season Mean,81.29999999999998,102.53000000000002,46,21.230000000000032,21.230000000000032,450.71290000000135
2000,Linear Regression,81.29999999999998,118.67989638822192,46,37.37989638822194,37.37989638822194,1397.2566539942075
2000,ElasticNet,81.29999999999998,122.6195652173913,46,41.319565217391315,41.319565217391315,1707.306469754254
2001,Historical Climatology,138.00000000000003,121.7404255319149,47,-16.259574468085134,16.259574468085134,264.373761883206
2001,Rolling 10-Season Mean,138.00000000000003,99.14,47,-38.86000000000003,38.86000000000003,1510.099600000002
2001,Linear Regression,138.00000000000003,109.93085511686505,47,-28.06914488313498,28.06914488313498,787.8768944704227
2001,ElasticNet,138.00000000000003,121.7404255319149,47,-16.259574468085134,16.259574468085134,264.373761883206
2002,Historical Climatology,76.0,122.07916666666667,48,46.079166666666666,46.079166666666666,2123.2896006944443
2002,Rolling 10-Season Mean,76.0,105.1,48,29.099999999999994,29.099999999999994,846.8099999999997
2002,Linear Regression,76.0,105.51183877688959,48,29.51183877688959,29.51183877688959,870.9486279931241
2002,ElasticNet,76.0,120.24064789461058,48,44.240647894610575,44.240647894610575,1957.2349261349111
2003,Historical Climatology,150.7,121.13877551020408,49,-29.561224489795904,29.561224489795904,873.8659933361091
2003,Rolling 10-Season Mean,150.7,105.47999999999999,49,-45.22,45.22,2044.8483999999999
2003,Linear Regression,150.7,98.3935994099333,49,-52.30640059006669,52.30640059006669,2735.9595426885285
2003,ElasticNet,150.7,121.13877551020408,49,-29.561224489795904,29.561224489795904,873.8659933361091
2004,Historical Climatology,120.79999999999998,121.73,50,0.930000000000021,0.930000000000021,0.8649000000000391
2004,Rolling 10-Season Mean,120.79999999999998,112.41000000000001,50,-8.389999999999972,8.389999999999972,70.39209999999953
2004,Linear Regression,120.79999999999998,96.85667329717134,50,-23.943326702828642,23.943326702828642,573.2828935983871
2004,ElasticNet,120.79999999999998,121.61809413679487,50,0.8180941367948833,0.8180941367948833,0.6692780166581652
2005,Historical Climatology,148.1,121.71176470588236,51,-26.388235294117635,26.388235294117635,696.3389619377157
2005,Rolling 10-Season Mean,148.1,115.60999999999999,51,-32.49000000000001,32.49000000000001,1055.6001000000006
2005,Linear Regression,148.1,114.5024654795246,51,-33.59753452047539,33.59753452047539,1128.7943258545356
2005,ElasticNet,148.1,121.42128065393548,51,-26.67871934606451,26.67871934606451,711.7540659460768
2006,Historical Climatology,85.0,122.21923076923078,52,37.219230769230776,37.219230769230776,1385.271139053255
2006,Rolling 10-Season Mean,85.0,120.81999999999998,52,35.81999999999998,35.81999999999998,1283.0723999999984
2006,Linear Regression,85.0,121.59902567673896,52,36.59902567673896,36.59902567673896,1339.4886804865978
2006,ElasticNet,85.0,122.21923076923078,52,37.219230769230776,37.219230769230776,1385.271139053255
2007,Historical Climatology,60.3,121.51698113207549,53,61.21698113207549,61.21698113207549,3747.518778924886
2007,Rolling 10-Season Mean,60.3,114.8,53,54.5,54.5,2970.25
2007,Linear Regression,60.3,95.97425921080156,53,35.674259210801566,35.674259210801566,1272.6527702394603
2007,ElasticNet,60.3,121.51698113207549,53,61.21698113207549,61.21698113207549,3747.518778924886
2008,Historical Climatology,193.99999999999997,120.38333333333334,54,-73.61666666666663,73.61666666666663,5419.413611111106
2008,Rolling 10-Season Mean,193.99999999999997,106.38999999999999,54,-87.60999999999999,87.60999999999999,7675.512099999997
2008,Linear Regression,193.99999999999997,119.85846620891742,54,-74.14153379108255,74.14153379108255,5496.967032894236
2008,ElasticNet,193.99999999999997,120.08646452345701,54,-73.91353547654296,73.91353547654296,5463.210726642174
2009,Historical Climatology,152.7,121.7218181818182,55,-30.978181818181795,30.978181818181795,959.6477487603291
2009,Rolling 10-Season Mean,152.7,117.03,55,-35.66999999999999,35.66999999999999,1272.348899999999
2009,Linear Regression,152.7,91.88507153386362,55,-60.814928466136365,60.814928466136365,3698.4555243412833
2009,ElasticNet,152.7,121.7218181818182,55,-30.978181818181795,30.978181818181795,959.6477487603291
2010,Historical Climatology,52.4,122.27499999999999,56,69.875,69.875,4882.515625
2010,Rolling 10-Season Mean,52.4,120.69000000000001,56,68.29000000000002,68.29000000000002,4663.524100000002
2010,Linear Regression,52.4,107.73810258248147,56,55.338102582481476,55.338102582481476,3062.305597429243
2010,ElasticNet,52.4,122.27499999999999,56,69.875,69.875,4882.515625
2011,Historical Climatology,128.79999999999998,121.04912280701753,57,-7.750877192982458,7.750877192982458,60.07609726069562
2011,Rolling 10-Season Mean,128.79999999999998,117.8,57,-10.999999999999986,10.999999999999986,120.99999999999969
2011,Linear Regression,128.79999999999998,111.40287591686479,57,-17.397124083135196,17.397124083135196,302.6599263640027
2011,ElasticNet,128.79999999999998,121.04912280701753,57,-7.750877192982458,7.750877192982458,60.07609726069562
2012,Historical Climatology,42.8,121.18275862068964,58,78.38275862068964,78.38275862068964,6143.856848989297
2012,Rolling 10-Season Mean,42.8,116.88,58,74.08,74.08,5487.846399999999
2012,Linear Regression,42.8,100.7534230684565,58,57.9534230684565,57.9534230684565,3358.5992453515064
2012,ElasticNet,42.8,121.18275862068964,58,78.38275862068964,78.38275862068964,6143.856848989297
2013,Historical Climatology,106.7,119.8542372881356,59,13.15423728813559,13.15423728813559,173.03395863257677
2013,Rolling 10-Season Mean,106.7,113.55999999999999,59,6.859999999999985,6.859999999999985,47.0595999999998
2013,Linear Regression,106.7,69.19718158570075,59,-37.502818414299256,37.502818414299256,1406.4613890159033
2013,ElasticNet,106.7,116.96824782502642,59,10.268247825026421,10.268247825026421,105.43691339615982
2015,Historical Climatology,99.3,119.63499999999999,60,20.334999999999994,20.334999999999994,413.5122249999998
2015,Rolling 10-Season Mean,99.3,109.16,60,9.86,9.86,97.21959999999999
2015,Linear Regression,99.3,90.13263593338483,60,-9.167364066615164,9.167364066615164,84.04056392986692
2015,ElasticNet,99.3,115.95677738513172,60,16.65677738513172,16.65677738513172,277.4482328578354
2016,Historical Climatology,65.9,119.30163934426228,61,53.40163934426228,53.40163934426228,2851.735084654661
2016,Rolling 10-Season Mean,65.9,107.00999999999999,61,41.109999999999985,41.109999999999985,1690.0320999999988
2016,Linear Regression,65.9,85.62978534839009,61,19.72978534839008,19.72978534839008,389.2644298935479
2016,ElasticNet,65.9,113.1670943252713,61,47.26709432527129,47.26709432527129,2234.1782059540933
2017,Historical Climatology,85.19999999999999,118.44032258064514,62,33.240322580645156,33.240322580645156,1104.9190452653481
2017,Rolling 10-Season Mean,85.19999999999999,98.78999999999999,62,13.590000000000003,13.590000000000003,184.6881000000001
2017,Linear Regression,85.19999999999999,111.06747020208523,62,25.867470202085244,25.867470202085244,669.126014655768
2017,ElasticNet,85.19999999999999,116.54766758339677,62,31.347667583396785,31.347667583396785,982.6762629191456
2018,Historical Climatology,109.70000000000002,117.9126984126984,63,8.212698412698387,8.212698412698387,67.4484152179386
2018,Rolling 10-Season Mean,109.70000000000002,98.80999999999999,63,-10.890000000000029,10.890000000000029,118.59210000000063
2018,Linear Regression,109.70000000000002,107.09558206833846,63,-2.6044179316615583,2.6044179316615583,6.782992762760269
2018,ElasticNet,109.70000000000002,111.44039835085518,63,1.740398350855159,1.740398350855159,3.028986419659357
2019,Historical Climatology,138.5,117.784375,64,-20.715625000000003,20.715625000000003,429.13711914062515
2019,Rolling 10-Season Mean,138.5,103.75,64,-34.75,34.75,1207.5625
2019,Linear Regression,138.5,94.11832154174117,64,-44.38167845825883,44.38167845825883,1969.7333827722762
2019,ElasticNet,138.5,110.83256381814378,64,-27.667436181856218,27.667436181856218,765.4870248770866
2020,Historical Climatology,142.40000000000003,118.10307692307693,65,-24.296923076923107,24.296923076923107,590.3404710059186
2020,Rolling 10-Season Mean,142.40000000000003,98.2,65,-44.20000000000003,44.20000000000003,1953.6400000000028
2020,Linear Regression,142.40000000000003,90.02449942103054,65,-52.37550057896949,52.37550057896949,2743.1930608976336
2020,ElasticNet,142.40000000000003,103.44580506419032,65,-38.95419493580971,38.95419493580971,1517.4293030970628
2023,Historical Climatology,137.1,118.47121212121212,66,-18.628787878787875,18.628787878787875,347.03173783287406
2023,Rolling 10-Season Mean,137.1,97.17,66,-39.92999999999999,39.92999999999999,1594.4048999999993
2023,Linear Regression,137.1,115.6448486400497,66,-21.455151359950293,21.455151359950293,460.3235198783769
2023,ElasticNet,137.1,119.28835339654921,66,-17.811646603450782,17.811646603450782,317.2547547262198
2024,Historical Climatology,67.0,118.74925373134329,67,51.74925373134329,51.74925373134329,2677.9852617509473
2024,Rolling 10-Season Mean,67.0,105.63999999999999,67,38.639999999999986,38.639999999999986,1493.049599999999
2024,Linear Regression,67.0,111.27380025690427,67,44.273800256904266,44.273800256904266,1960.1693891882562
2024,ElasticNet,67.0,116.92110342979625,67,49.92110342979625,49.92110342979625,2492.1165676484147
2025,Historical Climatology,135.6,117.98823529411764,68,-17.61176470588235,17.61176470588235,310.17425605536323
2025,Rolling 10-Season Mean,135.6,99.46000000000001,68,-36.139999999999986,36.139999999999986,1306.099599999999
2025,Linear Regression,135.6,103.57143779427757,68,-32.02856220572242,32.02856220572242,1025.8287969658309
2025,ElasticNet,135.6,114.48972467612349,68,-21.110275323876508,21.110275323876508,445.64372424986936
2026,Historical Climatology,190.6,118.24347826086957,69,-72.35652173913043,72.35652173913043,5235.466238185254
2026,Rolling 10-Season Mean,190.6,108.74000000000001,69,-81.85999999999999,81.85999999999999,6701.059599999998
2026,Linear Regression,190.6,107.17107081344184,69,-83.42892918655815,83.42892918655815,6960.386225215734
2026,ElasticNet,190.6,117.6481688985425,69,-72.9518311014575,72.9518311014575,5321.969661055582
